1374,1374-0,-0.113,22.0,0.0,1.0,0.0,0.0,0.0,0.0,0.0,0.0,1.
1374,1374-1,0.017,29.0,0.0,1.0,0.0,0.0,0.0,0.0,0.0,0.0,1.
1374,1374-2,0.147,3.0,0.0,0.0,0.0,0.0,1.0,0.0,0.0,0.0,1.
1374,1374-3,0.818,38.0,0.0,0.0,0.0,0.0,0.0,0.0,1.0,0.0,1.
1374,1374-4,-0.383,40.0,0.0,0.0,0.0,0.0,0.0,0.0,0.0,1.0,1.
1374,1374-5,-0.382,40.0,0.0,0.0,0.0,0.0,0.0,0.0,0.0,1.0,1.
301,301-0,-0.113,22.0,0.0,1.0,0.0,0.0,0.0,0.0,0.0,0.0,1.
301,301-1,0.017,29.0,0.0,1.0,0.0,0.0,0.0,0.0,0.0,0.0,1.
301,301-2,0.147,3.0,0.0,0.0,0.0,0.0,1.0,0.0,0.0,0.0,1.
301,301-3,0.818,38.0,0.0,0.0,0.0,0.0,0.0,0.0,1.0,0.0,1.
301,301-4,-0.383,40.0,0.0,0.0,0.0,0.0,0.0,0.0,0.0,1.0,1.
301,301-5,-0.382,40.0,0.0,0.0,0.0,0.0,0.0,0.0,0.0,1.0,1.
1247,1247-0,-0.115,22.0,0.0,1.0,0.0,0.0,0.0,0.0,0.0,0.0,1.
1247,1247-1,-0.085,27.0,0.0,1.0,0.0,0.0,0.0,0.0,0.0,0.0,1.
1247,1247-2,0.015,27.0,0.0,1.0,0.0,0.0,0.0,0.0,0.0,0.0,1.
1247,1247-3,0.015,28.0,0.0,1.0,0.0,0.0,0.0,0.0,0.0,0.0,1.
1247,1247-4,0.015,29.0,0.0,1.0,0.0,0.0,0.0,0.0,0.0,0.0,1.
1247,1247-5,0.145,3.0,0.0,0.0,0.0,0.0,1.0,0.0,0.0,0.0,1.
1247,1247-6,0.146,3.0,0.0,0.0,0.0,0.0,1.0,0.0,0.0,0.0,1.
1247,1247-7,0.816,38.0,0.0,0.0,0.0,0.0,0.0,0.0,1.0,0.0,1.
1247,1247-8,-0.384,40.0,0.0,0.0,0.0,0.0,0.0,0.0,0.0,1.0,1.
1483,1483-0,0.547,14.0,0.0,1.0,0.0,0.0,0.0,0.0,0.0,0.0,1.
1483,1483-1,-0.133,22.0,0.0,1.0,0.0,0.0,0.0,0.0,0.0,0.0,1.
1483,1483-2,0.097,22.0,0.0,1.0,0.0,0.0,0.0,0.0,0.0,0.0,1.
1483,1483-3,-0.003,29.0,0.0,1.0,0.0,0.0,0.0,0.0,0.0,0.0,1.
1483,1483-4,0.127,3.0,0.0,0.0,0.0,0.0,1.0,0.0,0.0,0.0,1.
1483,1483-5,0.798,38.0,0.0,0.0,0.0,0.0,0.0,0.0,1.0,0.0,1.
1483,1483-6,-0.552,40.0,0.0,0.0,0.0,0.0,0.0,0.0,0.0,1.0,1.
1483,1483-7,-0.403,40.0,0.0,0.0,0.0,0.0,0.0,0.0,0.0,1.0,1.
954,954-0,-0.08,21.0,0.0,1.0,0.0,0.0,0.0,0.0,0.0,0.0,1.
954,954-1,-0.11,22.0,0.0,1.0,0.0,0.0,0.0,0.0,0.0,0.0,1.
954,954-2,-0.08,26.0,0.0,1.0,0.0,0.0,0.0,0.0,0.0,0.0,1.
954,954-3,-0.08,27.0,0.0,1.0,0.0,0.0,0.0,0.0,0.0,0.0,1.
954,954-4,0.02,27.0,0.0,1.0,0.0,0.0,0.0,0.0,0.0,0.0,1.
954,954-5,0.119,3.0,0.0,0.0,0.0,0.0,1.0,0.0,0.0,0.0,1.
954,954-6,0.149,3.0,0.0,0.0,0.0,0.0,1.0,0.0,0.0,0.0,1.
954,954-7,0.819,38.0,0.0,0.0,0.0,0.0,0.0,0.0,1.0,0.0,1.
954,954-8,-0.381,40.0,0.0,0.0,0.0,0.0,0.0,0.0,0.0,1.0,1.
1133,1133-0,-0.115,22.0,0.0,1.0,0.0,0.0,0.0,0.0,0.0,0.0,1.
1133,1133-1,-0.085,27.0,0.0,1.0,0.0,0.0,0.0,0.0,0.0,0.0,1.
1133,1133-2,0.015,27.0,0.0,1.0,0.0,0.0,0.0,0.0,0.0,0.0,1.
1133,1133-3,0.015,28.0,0.0,1.0,0.0,0.0,0.0,0.0,0.0,0.0,1.
1133,1133-4,0.015,29.0,0.0,1.0,0.0,0.0,0.0,0.0,0.0,0.0,1.
1133,1133-5,0.145,3.0,0.0,0.0,0.0,0.0,1.0,0.0,0.0,0.0,1.
1133,1133-6,0.146,3.0,0.0,0.0,0.0,0.0,1.0,0.0,0.0,0.0,1.
1133,1133-7,0.816,38.0,0.0,0.0,0.0,0.0,0.0,0.0,1.0,0.0,1.
1133,1133-8,-0.384,40.0,0.0,0.0,0.0,0.0,0.0,0.0,0.0,1.0,1.
646,646-0,-0.117,22.0,0.0,1.0,0.0,0.0,0.0,0.0,0.0,0.0,1.
646,646-1,-0.087,27.0,0.0,1.0,0.0,0.0,0.0,0.0,0.0,0.0,1.
646,646-2,0.013,27.0,0.0,1.0,0.0,0.0,0.0,0.0,0.0,0.0,1.
646,646-3,-0.087,195.0,0.0,1.0,0.0,0.0,0.0,0.0,0.0,0.0,1.
646,646-4,0.013,195.0,0.0,1.0,0.0,0.0,0.0,0.0,0.0,0.0,1.
646,646-5,0.142,3.0,0.0,0.0,0.0,0.0,1.0,0.0,0.0,0.0,1.
646,646-6,0.143,3.0,0.0,0.0,0.0,0.0,1.0,0.0,0.0,0.0,1.
646,646-7,0.812,38.0,0.0,0.0,0.0,0.0,0.0,0.0,1.0,0.0,1.
646,646-8,-0.388,40.0,0.0,0.0,0.0,0.0,0.0,0.0,0.0,1.0,1.
409,409-0,0.005,10.0,0.0,1.0,0.0,0.0,0.0,0.0,0.0,0.0,1.
409,409-1,0.704,14.0,0.0,1.0,0.0,0.0,0.0,0.0,0.0,0.0,1.
409,409-2,-0.126,22.0,0.0,1.0,0.0,0.0,0.0,0.0,0.0,0.0,1.
409,409-3,-0.125,22.0,0.0,1.0,0.0,0.0,0.0,0.0,0.0,0.0,1.
409,409-4,0.254,22.0,0.0,1.0,0.0,0.0,0.0,0.0,0.0,0.0,1.
409,409-5,0.005,29.0,0.0,1.0,0.0,0.0,0.0,0.0,0.0,0.0,1.
409,409-6,0.055,3.0,0.0,0.0,0.0,0.0,1.0,0.0,0.0,0.0,1.
409,409-7,0.134,3.0,0.0,0.0,0.0,0.0,1.0,0.0,0.0,0.0,1.
409,409-8,0.804,38.0,0.0,0.0,0.0,0.0,0.0,0.0,1.0,0.0,1.
409,409-9,-0.396,40.0,0.0,0.0,0.0,0.0,0.0,0.0,0.0,1.0,1.
409,409-10,-0.396,49.0,0.0,0.0,0.0,0.0,0.0,0.0,0.0,1.0,1.
409,409-11,-0.546,51.0,0.0,0.0,0.0,0.0,0.0,0.0,0.0,1.0,1.
314,314-0,0.012,10.0,0.0,1.0,0.0,0.0,0.0,0.0,0.0,0.0,1.
314,314-1,-0.118,22.0,0.0,1.0,0.0,0.0,0.0,0.0,0.0,0.0,1.
314,314-2,0.311,22.0,0.0,1.0,0.0,0.0,0.0,0.0,0.0,0.0,1.
314,314-3,0.012,29.0,0.0,1.0,0.0,0.0,0.0,0.0,0.0,0.0,1.
314,314-4,-0.289,92.0,0.0,0.0,0.0,1.0,0.0,0.0,0.0,0.0,1.
314,314-5,0.062,3.0,0.0,0.0,0.0,0.0,1.0,0.0,0.0,0.0,1.
314,314-6,0.141,3.0,0.0,0.0,0.0,0.0,1.0,0.0,0.0,0.0,1.
314,314-7,0.142,3.0,0.0,0.0,0.0,0.0,1.0,0.0,0.0,0.0,1.
314,314-8,0.811,38.0,0.0,0.0,0.0,0.0,0.0,0.0,1.0,0.0,1.
314,314-9,-0.389,40.0,0.0,0.0,0.0,0.0,0.0,0.0,0.0,1.0,1.
783,783-0,-0.114,22.0,0.0,1.0,0.0,0.0,0.0,0.0,0.0,0.0,1.
783,783-1,-0.084,27.0,0.0,1.0,0.0,0.0,0.0,0.0,0.0,0.0,1.
783,783-2,0.016,27.0,0.0,1.0,0.0,0.0,0.0,0.0,0.0,0.0,1.
783,783-3,-0.084,195.0,0.0,1.0,0.0,0.0,0.0,0.0,0.0,0.0,1.
783,783-4,0.145,3.0,0.0,0.0,0.0,0.0,1.0,0.0,0.0,0.0,1.
783,783-5,0.815,38.0,0.0,0.0,0.0,0.0,0.0,0.0,1.0,0.0,1.
783,783-6,-0.385,40.0,0.0,0.0,0.0,0.0,0.0,0.0,0.0,1.0,1.
942,942-0,-0.116,22.0,0.0,1.0,0.0,0.0,0.0,0.0,0.0,0.0,1.
942,942-1,0.014,29.0,0.0,1.0,0.0,0.0,0.0,0.0,0.0,0.0,1.
942,942-2,0.144,3.0,0.0,0.0,0.0,0.0,1.0,0.0,0.0,0.0,1.
942,942-3,0.813,38.0,0.0,0.0,0.0,0.0,0.0,0.0,1.0,0.0,1.
942,942-4,0.814,38.0,0.0,0.0,0.0,0.0,0.0,0.0,1.0,0.0,1.
942,942-5,-0.386,40.0,0.0,0.0,0.0,0.0,0.0,0.0,0.0,1.0,1.
15,15-0,-0.118,22.0,0.0,1.0,0.0,0.0,0.0,0.0,0.0,0.0,1.
15,15-1,-0.088,27.0,0.0,1.0,0.0,0.0,0.0,0.0,0.0,0.0,1.
15,15-2,0.012,27.0,0.0,1.0,0.0,0.0,0.0,0.0,0.0,0.0,1.
15,15-3,0.012,28.0,0.0,1.0,0.0,0.0,0.0,0.0,0.0,0.0,1.
15,15-4,0.012,29.0,0.0,1.0,0.0,0.0,0.0,0.0,0.0,0.0,1.
15,15-5,0.142,3.0,0.0,0.0,0.0,0.0,1.0,0.0,0.0,0.0,1.
15,15-6,0.812,38.0,0.0,0.0,0.0,0.0,0.0,0.0,1.0,0.0,1.
15,15-7,-0.388,40.0,0.0,0.0,0.0,0.0,0.0,0.0,0.0,1.0,1.
1425,1425-0,-0.118,22.0,0.0,1.0,0.0,0.0,0.0,0.0,0.0,0.0,1.
1425,1425-1,-0.088,27.0,0.0,1.0,0.0,0.0,0.0,0.0,0.0,0.0,1.
1425,1425-2,0.012,27.0,0.0,1.0,0.0,0.0,0.0,0.0,0.0,0.0,1.
1425,1425-3,0.012,28.0,0.0,1.0,0.0,0.0,0.0,0.0,0.0,0.0,1.
1425,1425-4,0.012,29.0,0.0,1.0,0.0,0.0,0.0,0.0,0.0,0.0,1.
1425,1425-5,0.142,3.0,0.0,0.0,0.0,0.0,1.0,0.0,0.0,0.0,1.
1425,1425-6,0.812,38.0,0.0,0.0,0.0,0.0,0.0,0.0,1.0,0.0,1.
1425,1425-7,-0.388,40.0,0.0,0.0,0.0,0.0,0.0,0.0,0.0,1.0,1.
1141,1141-0,0.238,14.0,0.0,1.0,0.0,0.0,0.0,0.0,0.0,0.0,0.
1141,1141-1,-0.122,22.0,0.0,1.0,0.0,0.0,0.0,0.0,0.0,0.0,0.
1141,1141-2,0.008,22.0,0.0,1.0,0.0,0.0,0.0,0.0,0.0,0.0,0.
1141,1141-3,0.138,3.0,0.0,0.0,0.0,0.0,1.0,0.0,0.0,0.0,0.
1141,1141-4,0.208,3.0,0.0,0.0,0.0,0.0,1.0,0.0,0.0,0.0,0.
1141,1141-5,0.809,38.0,0.0,0.0,0.0,0.0,0.0,0.0,1.0,0.0,0.
1141,1141-6,-0.392,40.0,0.0,0.0,0.0,0.0,0.0,0.0,0.0,1.0,0.
1141,1141-7,-0.421,41.0,0.0,0.0,0.0,0.0,0.0,0.0,0.0,1.0,0.
640,640-0,0.152,10.0,0.0,1.0,0.0,0.0,0.0,0.0,0.0,0.0,0.
640,640-1,0.062,21.0,0.0,1.0,0.0,0.0,0.0,0.0,0.0,0.0,0.
640,640-2,-0.068,22.0,0.0,1.0,0.0,0.0,0.0,0.0,0.0,0.0,0.
640,640-3,-0.038,26.0,0.0,1.0,0.0,0.0,0.0,0.0,0.0,0.0,0.
640,640-4,0.112,3.0,0.0,0.0,0.0,0.0,1.0,0.0,0.0,0.0,0.
640,640-5,0.191,3.0,0.0,0.0,0.0,0.0,1.0,0.0,0.0,0.0,0.
640,640-6,-0.479,34.0,0.0,0.0,0.0,0.0,0.0,0.0,1.0,0.0,0.
640,640-7,0.861,38.0,0.0,0.0,0.0,0.0,0.0,0.0,1.0,0.0,0.
640,640-8,-0.339,40.0,0.0,0.0,0.0,0.0,0.0,0.0,0.0,1.0,0.
350,350-0,-0.122,22.0,0.0,1.0,0.0,0.0,0.0,0.0,0.0,0.0,0.
350,350-1,0.208,22.0,0.0,1.0,0.0,0.0,0.0,0.0,0.0,0.0,0.
350,350-2,0.158,1.0,0.0,0.0,0.0,0.0,1.0,0.0,0.0,0.0,0.
350,350-3,0.308,1.0,0.0,0.0,0.0,0.0,1.0,0.0,0.0,0.0,0.
350,350-4,0.138,3.0,0.0,0.0,0.0,0.0,1.0,0.0,0.0,0.0,0.
350,350-5,-0.392,32.0,0.0,0.0,0.0,0.0,0.0,0.0,1.0,0.0,0.
350,350-6,-0.292,36.0,0.0,0.0,0.0,0.0,0.0,0.0,1.0,0.0,0.
350,350-7,0.808,38.0,0.0,0.0,0.0,0.0,0.0,0.0,1.0,0.0,0.
350,350-8,-0.392,40.0,0.0,0.0,0.0,0.0,0.0,0.0,0.0,1.0,0.
472,472-0,0.094,10.0,0.0,1.0,0.0,0.0,0.0,0.0,0.0,0.0,0.
472,472-1,-0.126,22.0,0.0,1.0,0.0,0.0,0.0,0.0,0.0,0.0,0.
472,472-2,0.184,22.0,0.0,1.0,0.0,0.0,0.0,0.0,0.0,0.0,0.
472,472-3,0.054,3.0,0.0,0.0,0.0,0.0,1.0,0.0,0.0,0.0,0.
472,472-4,0.133,3.0,0.0,0.0,0.0,0.0,1.0,0.0,0.0,0.0,0.
472,472-5,0.802,38.0,0.0,0.0,0.0,0.0,0.0,0.0,1.0,0.0,0.
472,472-6,-0.397,40.0,0.0,0.0,0.0,0.0,0.0,0.0,0.0,1.0,0.
472,472-7,-0.396,40.0,0.0,0.0,0.0,0.0,0.0,0.0,0.0,1.0,0.
472,472-8,-0.227,50.0,0.0,0.0,0.0,0.0,0.0,0.0,0.0,1.0,0.
958,958-0,-0.104,10.0,0.0,1.0,0.0,0.0,0.0,0.0,0.0,0.0,0.
958,958-1,-0.003,10.0,0.0,1.0,0.0,0.0,0.0,0.0,0.0,0.0,0.
958,958-2,-0.133,22.0,0.0,1.0,0.0,0.0,0.0,0.0,0.0,0.0,0.
958,958-3,-0.003,22.0,0.0,1.0,0.0,0.0,0.0,0.0,0.0,0.0,0.
958,958-4,0.197,22.0,0.0,1.0,0.0,0.0,0.0,0.0,0.0,0.0,0.
958,958-5,0.297,1.0,0.0,0.0,0.0,0.0,1.0,0.0,0.0,0.0,0.
958,958-6,0.047,3.0,0.0,0.0,0.0,0.0,1.0,0.0,0.0,0.0,0.
958,958-7,0.126,3.0,0.0,0.0,0.0,0.0,1.0,0.0,0.0,0.0,0.
958,958-8,-0.405,32.0,0.0,0.0,0.0,0.0,0.0,0.0,1.0,0.0,0.
958,958-9,0.796,38.0,0.0,0.0,0.0,0.0,0.0,0.0,1.0,0.0,0.
958,958-10,-0.405,40.0,0.0,0.0,0.0,0.0,0.0,0.0,0.0,1.0,0.
958,958-11,-0.404,40.0,0.0,0.0,0.0,0.0,0.0,0.0,0.0,1.0,0.
134,134-0,-0.128,22.0,0.0,1.0,0.0,0.0,0.0,0.0,0.0,0.0,0.
134,134-1,0.202,22.0,0.0,1.0,0.0,0.0,0.0,0.0,0.0,0.0,0.
134,134-2,0.002,29.0,0.0,1.0,0.0,0.0,0.0,0.0,0.0,0.0,0.
134,134-3,0.332,1.0,0.0,0.0,0.0,0.0,1.0,0.0,0.0,0.0,0.
134,134-4,0.132,3.0,0.0,0.0,0.0,0.0,1.0,0.0,0.0,0.0,0.
134,134-5,-0.779,32.0,0.0,0.0,0.0,0.0,0.0,0.0,1.0,0.0,0.
134,134-6,0.801,38.0,0.0,0.0,0.0,0.0,0.0,0.0,1.0,0.0,0.
134,134-7,-0.398,40.0,0.0,0.0,0.0,0.0,0.0,0.0,0.0,1.0,0.
1736,1736-0,0.011,10.0,0.0,1.0,0.0,0.0,0.0,0.0,0.0,0.0,1.
1736,1736-1,-0.119,22.0,0.0,1.0,0.0,0.0,0.0,0.0,0.0,0.0,1.
1736,1736-2,0.261,22.0,0.0,1.0,0.0,0.0,0.0,0.0,0.0,0.0,1.
1736,1736-3,0.011,29.0,0.0,1.0,0.0,0.0,0.0,0.0,0.0,0.0,1.
1736,1736-4,0.061,3.0,0.0,0.0,0.0,0.0,1.0,0.0,0.0,0.0,1.
1736,1736-5,0.141,3.0,0.0,0.0,0.0,0.0,1.0,0.0,0.0,0.0,1.
1736,1736-6,0.412,8.0,0.0,0.0,0.0,0.0,1.0,0.0,0.0,0.0,1.
1736,1736-7,0.812,38.0,0.0,0.0,0.0,0.0,0.0,0.0,1.0,0.0,1.
1736,1736-8,-0.389,40.0,0.0,0.0,0.0,0.0,0.0,0.0,0.0,1.0,1.
1736,1736-9,-0.388,40.0,0.0,0.0,0.0,0.0,0.0,0.0,0.0,1.0,1.
1736,1736-10,-0.638,45.0,0.0,0.0,0.0,0.0,0.0,0.0,0.0,1.0,1.
1516,1516-0,-0.089,10.0,0.0,1.0,0.0,0.0,0.0,0.0,0.0,0.0,1.
1516,1516-1,-0.118,22.0,0.0,1.0,0.0,0.0,0.0,0.0,0.0,0.0,1.
1516,1516-2,0.012,22.0,0.0,1.0,0.0,0.0,0.0,0.0,0.0,0.0,1.
1516,1516-3,-0.089,27.0,0.0,1.0,0.0,0.0,0.0,0.0,0.0,0.0,1.
1516,1516-4,0.012,27.0,0.0,1.0,0.0,0.0,0.0,0.0,0.0,0.0,1.
1516,1516-5,0.062,3.0,0.0,0.0,0.0,0.0,1.0,0.0,0.0,0.0,1.
1516,1516-6,0.141,3.0,0.0,0.0,0.0,0.0,1.0,0.0,0.0,0.0,1.
1516,1516-7,0.811,38.0,0.0,0.0,0.0,0.0,0.0,0.0,1.0,0.0,1.
1516,1516-8,-0.39,40.0,0.0,0.0,0.0,0.0,0.0,0.0,0.0,1.0,1.
1516,1516-9,-0.389,40.0,0.0,0.0,0.0,0.0,0.0,0.0,0.0,1.0,1.
795,795-0,-0.114,22.0,0.0,1.0,0.0,0.0,0.0,0.0,0.0,0.0,1.
795,795-1,0.016,27.0,0.0,1.0,0.0,0.0,0.0,0.0,0.0,0.0,1.
795,795-2,0.146,3.0,0.0,0.0,0.0,0.0,1.0,0.0,0.0,0.0,1.
795,795-3,0.817,38.0,0.0,0.0,0.0,0.0,0.0,0.0,1.0,0.0,1.
795,795-4,-0.384,40.0,0.0,0.0,0.0,0.0,0.0,0.0,0.0,1.0,1.
795,795-5,-0.383,40.0,0.0,0.0,0.0,0.0,0.0,0.0,0.0,1.0,1.
333,333-0,-0.118,22.0,0.0,1.0,0.0,0.0,0.0,0.0,0.0,0.0,1.
333,333-1,0.012,27.0,0.0,1.0,0.0,0.0,0.0,0.0,0.0,0.0,1.
333,333-2,0.142,3.0,0.0,0.0,0.0,0.0,1.0,0.0,0.0,0.0,1.
333,333-3,0.811,38.0,0.0,0.0,0.0,0.0,0.0,0.0,1.0,0.0,1.
333,333-4,-0.389,40.0,0.0,0.0,0.0,0.0,0.0,0.0,0.0,1.0,1.
333,333-5,-0.388,40.0,0.0,0.0,0.0,0.0,0.0,0.0,0.0,1.0,1.
812,812-0,0.011,10.0,0.0,1.0,0.0,0.0,0.0,0.0,0.0,0.0,1.
812,812-1,-0.168,22.0,0.0,1.0,0.0,0.0,0.0,0.0,0.0,0.0,1.
812,812-2,-0.119,22.0,0.0,1.0,0.0,0.0,0.0,0.0,0.0,0.0,1.
812,812-3,-0.118,22.0,0.0,1.0,0.0,0.0,0.0,0.0,0.0,0.0,1.
812,812-4,0.011,29.0,0.0,1.0,0.0,0.0,0.0,0.0,0.0,0.0,1.
812,812-5,0.061,3.0,0.0,0.0,0.0,0.0,1.0,0.0,0.0,0.0,1.
812,812-6,0.142,3.0,0.0,0.0,0.0,0.0,1.0,0.0,0.0,0.0,1.
812,812-7,0.812,38.0,0.0,0.0,0.0,0.0,0.0,0.0,1.0,0.0,1.
812,812-8,-0.388,40.0,0.0,0.0,0.0,0.0,0.0,0.0,0.0,1.0,1.
1119,1119-0,-0.096,10.0,0.0,1.0,0.0,0.0,0.0,0.0,0.0,0.0,1.
1119,1119-1,-0.126,22.0,0.0,1.0,0.0,0.0,0.0,0.0,0.0,0.0,1.
1119,1119-2,0.004,22.0,0.0,1.0,0.0,0.0,0.0,0.0,0.0,0.0,1.
1119,1119-3,0.054,3.0,0.0,0.0,0.0,0.0,1.0,0.0,0.0,0.0,1.
1119,1119-4,0.134,3.0,0.0,0.0,0.0,0.0,1.0,0.0,0.0,0.0,1.
1119,1119-5,0.135,3.0,0.0,0.0,0.0,0.0,1.0,0.0,0.0,0.0,1.
1119,1119-6,0.805,38.0,0.0,0.0,0.0,0.0,0.0,0.0,1.0,0.0,1.
1119,1119-7,-0.395,40.0,0.0,0.0,0.0,0.0,0.0,0.0,0.0,1.0,1.
336,336-0,0.016,10.0,0.0,1.0,0.0,0.0,0.0,0.0,0.0,0.0,1.
336,336-1,-0.114,22.0,0.0,1.0,0.0,0.0,0.0,0.0,0.0,0.0,1.
336,336-2,0.016,29.0,0.0,1.0,0.0,0.0,0.0,0.0,0.0,0.0,1.
336,336-3,0.066,3.0,0.0,0.0,0.0,0.0,1.0,0.0,0.0,0.0,1.
336,336-4,0.145,3.0,0.0,0.0,0.0,0.0,1.0,0.0,0.0,0.0,1.
336,336-5,0.815,38.0,0.0,0.0,0.0,0.0,0.0,0.0,1.0,0.0,1.
336,336-6,-0.385,40.0,0.0,0.0,0.0,0.0,0.0,0.0,0.0,1.0,1.
402,402-0,0.108,10.0,0.0,1.0,0.0,0.0,0.0,0.0,0.0,0.0,1.
402,402-1,-0.191,16.0,0.0,1.0,0.0,0.0,0.0,0.0,0.0,0.0,1.
402,402-2,-0.122,22.0,0.0,1.0,0.0,0.0,0.0,0.0,0.0,0.0,1.
402,402-3,0.108,22.0,0.0,1.0,0.0,0.0,0.0,0.0,0.0,0.0,1.
402,402-4,0.058,3.0,0.0,0.0,0.0,0.0,1.0,0.0,0.0,0.0,1.
402,402-5,0.108,3.0,0.0,0.0,0.0,0.0,1.0,0.0,0.0,0.0,1.
402,402-6,0.139,3.0,0.0,0.0,0.0,0.0,1.0,0.0,0.0,0.0,1.
402,402-7,0.809,38.0,0.0,0.0,0.0,0.0,0.0,0.0,1.0,0.0,1.
402,402-8,-0.391,40.0,0.0,0.0,0.0,0.0,0.0,0.0,0.0,1.0,1.
918,918-0,-0.106,22.0,0.0,1.0,0.0,0.0,0.0,0.0,0.0,0.0,1.
918,918-1,0.024,29.0,0.0,1.0,0.0,0.0,0.0,0.0,0.0,0.0,1.
918,918-2,0.194,230.0,0.0,1.0,0.0,0.0,0.0,0.0,0.0,0.0,1.
918,918-3,-0.276,92.0,0.0,0.0,0.0,1.0,0.0,0.0,0.0,0.0,1.
918,918-4,0.114,3.0,0.0,0.0,0.0,0.0,1.0,0.0,0.0,0.0,1.
918,918-5,0.154,3.0,0.0,0.0,0.0,0.0,1.0,0.0,0.0,0.0,1.
918,918-6,0.823,38.0,0.0,0.0,0.0,0.0,0.0,0.0,1.0,0.0,1.
918,918-7,-0.377,40.0,0.0,0.0,0.0,0.0,0.0,0.0,0.0,1.0,1.
918,918-8,-0.376,40.0,0.0,0.0,0.0,0.0,0.0,0.0,0.0,1.0,1.
1212,1212-0,-0.148,22.0,0.0,1.0,0.0,0.0,0.0,0.0,0.0,0.0,1.
1212,1212-1,0.082,26.0,0.0,1.0,0.0,0.0,0.0,0.0,0.0,0.0,1.
1212,1212-2,0.282,26.0,0.0,1.0,0.0,0.0,0.0,0.0,0.0,0.0,1.
1212,1212-3,0.282,1.0,0.0,0.0,0.0,0.0,1.0,0.0,0.0,0.0,1.
1212,1212-4,0.112,3.0,0.0,0.0,0.0,0.0,1.0,0.0,0.0,0.0,1.
1212,1212-5,-0.557,34.0,0.0,0.0,0.0,0.0,0.0,0.0,1.0,0.0,1.
1212,1212-6,0.783,38.0,0.0,0.0,0.0,0.0,0.0,0.0,1.0,0.0,1.
1212,1212-7,-0.418,40.0,0.0,0.0,0.0,0.0,0.0,0.0,0.0,1.0,1.
1572,1572-0,-0.122,22.0,0.0,1.0,0.0,0.0,0.0,0.0,0.0,0.0,1.
1572,1572-1,-0.092,27.0,0.0,1.0,0.0,0.0,0.0,0.0,0.0,0.0,1.
1572,1572-2,0.008,27.0,0.0,1.0,0.0,0.0,0.0,0.0,0.0,0.0,1.
1572,1572-3,0.008,28.0,0.0,1.0,0.0,0.0,0.0,0.0,0.0,0.0,1.
1572,1572-4,0.008,29.0,0.0,1.0,0.0,0.0,0.0,0.0,0.0,0.0,1.
1572,1572-5,0.138,3.0,0.0,0.0,0.0,0.0,1.0,0.0,0.0,0.0,1.
1572,1572-6,0.139,3.0,0.0,0.0,0.0,0.0,1.0,0.0,0.0,0.0,1.
1572,1572-7,0.809,38.0,0.0,0.0,0.0,0.0,0.0,0.0,1.0,0.0,1.
1572,1572-8,-0.391,40.0,0.0,0.0,0.0,0.0,0.0,0.0,0.0,1.0,1.
1439,1439-0,-0.086,21.0,0.0,1.0,0.0,0.0,0.0,0.0,0.0,0.0,1.
1439,1439-1,0.014,21.0,0.0,1.0,0.0,0.0,0.0,0.0,0.0,0.0,1.
1439,1439-2,-0.116,22.0,0.0,1.0,0.0,0.0,0.0,0.0,0.0,0.0,1.
1439,1439-3,-0.086,26.0,0.0,1.0,0.0,0.0,0.0,0.0,0.0,0.0,1.
1439,1439-4,-0.086,27.0,0.0,1.0,0.0,0.0,0.0,0.0,0.0,0.0,1.
1439,1439-5,0.014,27.0,0.0,1.0,0.0,0.0,0.0,0.0,0.0,0.0,1.
1439,1439-6,0.114,3.0,0.0,0.0,0.0,0.0,1.0,0.0,0.0,0.0,1.
1439,1439-7,0.143,3.0,0.0,0.0,0.0,0.0,1.0,0.0,0.0,0.0,1.
1439,1439-8,0.144,3.0,0.0,0.0,0.0,0.0,1.0,0.0,0.0,0.0,1.
1439,1439-9,0.813,38.0,0.0,0.0,0.0,0.0,0.0,0.0,1.0,0.0,1.
1439,1439-10,-0.387,40.0,0.0,0.0,0.0,0.0,0.0,0.0,0.0,1.0,1.
883,883-0,0.003,10.0,0.0,1.0,0.0,0.0,0.0,0.0,0.0,0.0,1.
883,883-1,0.602,14.0,0.0,1.0,0.0,0.0,0.0,0.0,0.0,0.0,1.
883,883-2,-0.127,22.0,0.0,1.0,0.0,0.0,0.0,0.0,0.0,0.0,1.
883,883-3,0.203,22.0,0.0,1.0,0.0,0.0,0.0,0.0,0.0,0.0,1.
883,883-4,0.003,29.0,0.0,1.0,0.0,0.0,0.0,0.0,0.0,0.0,1.
883,883-5,1.002,232.0,0.0,1.0,0.0,0.0,0.0,0.0,0.0,0.0,1.
883,883-6,-0.297,92.0,0.0,0.0,0.0,1.0,0.0,0.0,0.0,0.0,1.
883,883-7,0.253,1.0,0.0,0.0,0.0,0.0,1.0,0.0,0.0,0.0,1.
883,883-8,0.053,3.0,0.0,0.0,0.0,0.0,1.0,0.0,0.0,0.0,1.
883,883-9,0.133,3.0,0.0,0.0,0.0,0.0,1.0,0.0,0.0,0.0,1.
883,883-10,-0.398,32.0,0.0,0.0,0.0,0.0,0.0,0.0,1.0,0.0,1.
883,883-11,0.802,38.0,0.0,0.0,0.0,0.0,0.0,0.0,1.0,0.0,1.
883,883-12,-0.548,40.0,0.0,0.0,0.0,0.0,0.0,0.0,0.0,1.0,1.
883,883-13,-0.398,40.0,0.0,0.0,0.0,0.0,0.0,0.0,0.0,1.0,1.
883,883-14,-0.397,40.0,0.0,0.0,0.0,0.0,0.0,0.0,0.0,1.0,1.
694,694-0,0.03,10.0,0.0,1.0,0.0,0.0,0.0,0.0,0.0,0.0,0.
694,694-1,0.121,10.0,0.0,1.0,0.0,0.0,0.0,0.0,0.0,0.0,0.
694,694-2,0.201,10.0,0.0,1.0,0.0,0.0,0.0,0.0,0.0,0.0,0.
694,694-3,0.03,21.0,0.0,1.0,0.0,0.0,0.0,0.0,0.0,0.0,0.
694,694-4,0.07,3.0,0.0,0.0,0.0,0.0,1.0,0.0,0.0,0.0,0.
694,694-5,0.08,3.0,0.0,0.0,0.0,0.0,1.0,0.0,0.0,0.0,0.
694,694-6,0.131,3.0,0.0,0.0,0.0,0.0,1.0,0.0,0.0,0.0,0.
694,694-7,0.431,8.0,0.0,0.0,0.0,0.0,1.0,0.0,0.0,0.0,0.
694,694-8,-0.509,34.0,0.0,0.0,0.0,0.0,0.0,0.0,1.0,0.0,0.
694,694-9,0.831,38.0,0.0,0.0,0.0,0.0,0.0,0.0,1.0,0.0,0.
694,694-10,-0.369,40.0,0.0,0.0,0.0,0.0,0.0,0.0,0.0,1.0,0.
694,694-11,-0.619,45.0,0.0,0.0,0.0,0.0,0.0,0.0,0.0,1.0,0.
397,397-0,0.007,10.0,0.0,1.0,0.0,0.0,0.0,0.0,0.0,0.0,0.
397,397-1,-0.173,22.0,0.0,1.0,0.0,0.0,0.0,0.0,0.0,0.0,0.
397,397-2,-0.123,22.0,0.0,1.0,0.0,0.0,0.0,0.0,0.0,0.0,0.
397,397-3,0.007,27.0,0.0,1.0,0.0,0.0,0.0,0.0,0.0,0.0,0.
397,397-4,0.057,3.0,0.0,0.0,0.0,0.0,1.0,0.0,0.0,0.0,0.
397,397-5,0.137,3.0,0.0,0.0,0.0,0.0,1.0,0.0,0.0,0.0,0.
397,397-6,0.806,38.0,0.0,0.0,0.0,0.0,0.0,0.0,1.0,0.0,0.
397,397-7,-0.393,40.0,0.0,0.0,0.0,0.0,0.0,0.0,0.0,1.0,0.
380,380-0,0.551,14.0,0.0,1.0,0.0,0.0,0.0,0.0,0.0,0.0,0.
380,380-1,0.601,14.0,0.0,1.0,0.0,0.0,0.0,0.0,0.0,0.0,0.
380,380-2,-0.128,22.0,0.0,1.0,0.0,0.0,0.0,0.0,0.0,0.0,0.
380,380-3,0.002,22.0,0.0,1.0,0.0,0.0,0.0,0.0,0.0,0.0,0.
380,380-4,0.202,22.0,0.0,1.0,0.0,0.0,0.0,0.0,0.0,0.0,0.
380,380-5,0.252,1.0,0.0,0.0,0.0,0.0,1.0,0.0,0.0,0.0,0.
380,380-6,0.132,3.0,0.0,0.0,0.0,0.0,1.0,0.0,0.0,0.0,0.
380,380-7,-0.398,32.0,0.0,0.0,0.0,0.0,0.0,0.0,1.0,0.0,0.
380,380-8,0.801,38.0,0.0,0.0,0.0,0.0,0.0,0.0,1.0,0.0,0.
380,380-9,-0.549,40.0,0.0,0.0,0.0,0.0,0.0,0.0,0.0,1.0,0.
380,380-10,-0.399,40.0,0.0,0.0,0.0,0.0,0.0,0.0,0.0,1.0,0.
380,380-11,-0.398,40.0,0.0,0.0,0.0,0.0,0.0,0.0,0.0,1.0,0.
1455,1455-0,0.006,10.0,0.0,1.0,0.0,0.0,0.0,0.0,0.0,0.0,0.
1455,1455-1,-0.174,22.0,0.0,1.0,0.0,0.0,0.0,0.0,0.0,0.0,0.
1455,1455-2,-0.124,22.0,0.0,1.0,0.0,0.0,0.0,0.0,0.0,0.0,0.
1455,1455-3,0.006,29.0,0.0,1.0,0.0,0.0,0.0,0.0,0.0,0.0,0.
1455,1455-4,0.056,3.0,0.0,0.0,0.0,0.0,1.0,0.0,0.0,0.0,0.
1455,1455-5,0.136,3.0,0.0,0.0,0.0,0.0,1.0,0.0,0.0,0.0,0.
1455,1455-6,0.805,38.0,0.0,0.0,0.0,0.0,0.0,0.0,1.0,0.0,0.
1455,1455-7,-0.395,40.0,0.0,0.0,0.0,0.0,0.0,0.0,0.0,1.0,0.
1455,1455-8,-0.394,40.0,0.0,0.0,0.0,0.0,0.0,0.0,0.0,1.0,0.
1584,1584-0,-0.13,22.0,0.0,1.0,0.0,0.0,0.0,0.0,0.0,0.0,0.
1584,1584-1,0.18,22.0,0.0,1.0,0.0,0.0,0.0,0.0,0.0,0.0,0.
1584,1584-2,0.13,3.0,0.0,0.0,0.0,0.0,1.0,0.0,0.0,0.0,0.
1584,1584-3,0.8,38.0,0.0,0.0,0.0,0.0,0.0,0.0,1.0,0.0,0.
1584,1584-4,-0.4,40.0,0.0,0.0,0.0,0.0,0.0,0.0,0.0,1.0,0.
1584,1584-5,-0.23,50.0,0.0,0.0,0.0,0.0,0.0,0.0,0.0,1.0,0.
518,518-0,0.098,10.0,0.0,1.0,0.0,0.0,0.0,0.0,0.0,0.0,0.
518,518-1,-0.122,21.0,0.0,1.0,0.0,0.0,0.0,0.0,0.0,0.0,0.
518,518-2,-0.122,22.0,0.0,1.0,0.0,0.0,0.0,0.0,0.0,0.0,0.
518,518-3,0.108,26.0,0.0,1.0,0.0,0.0,0.0,0.0,0.0,0.0,0.
518,518-4,0.307,26.0,0.0,1.0,0.0,0.0,0.0,0.0,0.0,0.0,0.
518,518-5,0.307,1.0,0.0,0.0,0.0,0.0,1.0,0.0,0.0,0.0,0.
518,518-6,0.058,3.0,0.0,0.0,0.0,0.0,1.0,0.0,0.0,0.0,0.
518,518-7,0.108,3.0,0.0,0.0,0.0,0.0,1.0,0.0,0.0,0.0,0.
518,518-8,0.137,3.0,0.0,0.0,0.0,0.0,1.0,0.0,0.0,0.0,0.
518,518-9,0.138,3.0,0.0,0.0,0.0,0.0,1.0,0.0,0.0,0.0,0.
518,518-10,-0.533,34.0,0.0,0.0,0.0,0.0,0.0,0.0,1.0,0.0,0.
518,518-11,-0.393,34.0,0.0,0.0,0.0,0.0,0.0,0.0,1.0,0.0,0.
518,518-12,0.807,38.0,0.0,0.0,0.0,0.0,0.0,0.0,1.0,0.0,0.
518,518-13,-0.393,40.0,0.0,0.0,0.0,0.0,0.0,0.0,0.0,1.0,0.
1359,1359-0,-0.095,10.0,0.0,1.0,0.0,0.0,0.0,0.0,0.0,0.0,1.
1359,1359-1,-0.125,22.0,0.0,1.0,0.0,0.0,0.0,0.0,0.0,0.0,1.
1359,1359-2,-0.124,22.0,0.0,1.0,0.0,0.0,0.0,0.0,0.0,0.0,1.
1359,1359-3,0.005,22.0,0.0,1.0,0.0,0.0,0.0,0.0,0.0,0.0,1.
1359,1359-4,0.005,27.0,0.0,1.0,0.0,0.0,0.0,0.0,0.0,0.0,1.
1359,1359-5,0.055,3.0,0.0,0.0,0.0,0.0,1.0,0.0,0.0,0.0,1.
1359,1359-6,0.136,3.0,0.0,0.0,0.0,0.0,1.0,0.0,0.0,0.0,1.
1359,1359-7,0.806,38.0,0.0,0.0,0.0,0.0,0.0,0.0,1.0,0.0,1.
1359,1359-8,-0.394,40.0,0.0,0.0,0.0,0.0,0.0,0.0,0.0,1.0,1.
98,98-0,-0.148,22.0,0.0,1.0,0.0,0.0,0.0,0.0,0.0,0.0,1.
98,98-1,0.182,22.0,0.0,1.0,0.0,0.0,0.0,0.0,0.0,0.0,1.
98,98-2,0.282,1.0,0.0,0.0,0.0,0.0,1.0,0.0,0.0,0.0,1.
98,98-3,0.112,3.0,0.0,0.0,0.0,0.0,1.0,0.0,0.0,0.0,1.
98,98-4,-0.419,32.0,0.0,0.0,0.0,0.0,0.0,0.0,1.0,0.0,1.
98,98-5,-0.418,32.0,0.0,0.0,0.0,0.0,0.0,0.0,1.0,0.0,1.
98,98-6,0.781,38.0,0.0,0.0,0.0,0.0,0.0,0.0,1.0,0.0,1.
98,98-7,-0.418,40.0,0.0,0.0,0.0,0.0,0.0,0.0,0.0,1.0,1.
1426,1426-0,-0.118,22.0,0.0,1.0,0.0,0.0,0.0,0.0,0.0,0.0,1.
1426,1426-1,0.012,27.0,0.0,1.0,0.0,0.0,0.0,0.0,0.0,0.0,1.
1426,1426-2,0.142,3.0,0.0,0.0,0.0,0.0,1.0,0.0,0.0,0.0,1.
1426,1426-3,0.811,38.0,0.0,0.0,0.0,0.0,0.0,0.0,1.0,0.0,1.
1426,1426-4,-0.389,40.0,0.0,0.0,0.0,0.0,0.0,0.0,0.0,1.0,1.
1426,1426-5,-0.388,40.0,0.0,0.0,0.0,0.0,0.0,0.0,0.0,1.0,1.
218,218-0,0.008,10.0,0.0,1.0,0.0,0.0,0.0,0.0,0.0,0.0,1.
218,218-1,-0.122,22.0,0.0,1.0,0.0,0.0,0.0,0.0,0.0,0.0,1.
218,218-2,0.208,22.0,0.0,1.0,0.0,0.0,0.0,0.0,0.0,0.0,1.
218,218-3,0.008,29.0,0.0,1.0,0.0,0.0,0.0,0.0,0.0,0.0,1.
218,218-4,0.337,1.0,0.0,0.0,0.0,0.0,1.0,0.0,0.0,0.0,1.
218,218-5,0.058,3.0,0.0,0.0,0.0,0.0,1.0,0.0,0.0,0.0,1.
218,218-6,0.138,3.0,0.0,0.0,0.0,0.0,1.0,0.0,0.0,0.0,1.
218,218-7,-0.773,32.0,0.0,0.0,0.0,0.0,0.0,0.0,1.0,0.0,1.
218,218-8,0.807,38.0,0.0,0.0,0.0,0.0,0.0,0.0,1.0,0.0,1.
218,218-9,-0.393,40.0,0.0,0.0,0.0,0.0,0.0,0.0,0.0,1.0,1.
1061,1061-0,0.011,10.0,0.0,1.0,0.0,0.0,0.0,0.0,0.0,0.0,1.
1061,1061-1,-0.168,22.0,0.0,1.0,0.0,0.0,0.0,0.0,0.0,0.0,1.
1061,1061-2,-0.119,22.0,0.0,1.0,0.0,0.0,0.0,0.0,0.0,0.0,1.
1061,1061-3,-0.118,22.0,0.0,1.0,0.0,0.0,0.0,0.0,0.0,0.0,1.
1061,1061-4,0.011,29.0,0.0,1.0,0.0,0.0,0.0,0.0,0.0,0.0,1.
1061,1061-5,0.061,3.0,0.0,0.0,0.0,0.0,1.0,0.0,0.0,0.0,1.
1061,1061-6,0.142,3.0,0.0,0.0,0.0,0.0,1.0,0.0,0.0,0.0,1.
1061,1061-7,0.812,38.0,0.0,0.0,0.0,0.0,0.0,0.0,1.0,0.0,1.
1061,1061-8,-0.388,40.0,0.0,0.0,0.0,0.0,0.0,0.0,0.0,1.0,1.
1272,1272-0,-0.113,22.0,0.0,1.0,0.0,0.0,0.0,0.0,0.0,0.0,1.
1272,1272-1,-0.083,27.0,0.0,1.0,0.0,0.0,0.0,0.0,0.0,0.0,1.
1272,1272-2,0.017,27.0,0.0,1.0,0.0,0.0,0.0,0.0,0.0,0.0,1.
1272,1272-3,0.017,29.0,0.0,1.0,0.0,0.0,0.0,0.0,0.0,0.0,1.
1272,1272-4,0.147,3.0,0.0,0.0,0.0,0.0,1.0,0.0,0.0,0.0,1.
1272,1272-5,0.148,3.0,0.0,0.0,0.0,0.0,1.0,0.0,0.0,0.0,1.
1272,1272-6,0.818,38.0,0.0,0.0,0.0,0.0,0.0,0.0,1.0,0.0,1.
1272,1272-7,-0.382,40.0,0.0,0.0,0.0,0.0,0.0,0.0,0.0,1.0,1.
1561,1561-0,-0.095,10.0,0.0,1.0,0.0,0.0,0.0,0.0,0.0,0.0,1.
1561,1561-1,-0.125,22.0,0.0,1.0,0.0,0.0,0.0,0.0,0.0,0.0,1.
1561,1561-2,0.005,22.0,0.0,1.0,0.0,0.0,0.0,0.0,0.0,0.0,1.
1561,1561-3,0.005,29.0,0.0,1.0,0.0,0.0,0.0,0.0,0.0,0.0,1.
1561,1561-4,0.055,3.0,0.0,0.0,0.0,0.0,1.0,0.0,0.0,0.0,1.
1561,1561-5,0.134,3.0,0.0,0.0,0.0,0.0,1.0,0.0,0.0,0.0,1.
1561,1561-6,0.804,38.0,0.0,0.0,0.0,0.0,0.0,0.0,1.0,0.0,1.
1561,1561-7,-0.396,40.0,0.0,0.0,0.0,0.0,0.0,0.0,0.0,1.0,1.
1299,1299-0,-0.141,22.0,0.0,1.0,0.0,0.0,0.0,0.0,0.0,0.0,1.
1299,1299-1,-0.14,22.0,0.0,1.0,0.0,0.0,0.0,0.0,0.0,0.0,1.
1299,1299-2,0.09,26.0,0.0,1.0,0.0,0.0,0.0,0.0,0.0,0.0,1.
1299,1299-3,0.12,3.0,0.0,0.0,0.0,0.0,1.0,0.0,0.0,0.0,1.
1299,1299-4,0.789,38.0,0.0,0.0,0.0,0.0,0.0,0.0,1.0,0.0,1.
1299,1299-5,-0.411,40.0,0.0,0.0,0.0,0.0,0.0,0.0,0.0,1.0,1.
1299,1299-6,-0.04,52.0,0.0,0.0,0.0,0.0,0.0,0.0,0.0,1.0,1.
1474,1474-0,-0.127,94.0,1.0,0.0,0.0,0.0,0.0,0.0,0.0,0.0,1.
1474,1474-1,0.023,10.0,0.0,1.0,0.0,0.0,0.0,0.0,0.0,0.0,1.
1474,1474-2,-0.107,22.0,0.0,1.0,0.0,0.0,0.0,0.0,0.0,0.0,1.
1474,1474-3,0.023,29.0,0.0,1.0,0.0,0.0,0.0,0.0,0.0,0.0,1.
1474,1474-4,0.073,3.0,0.0,0.0,0.0,0.0,1.0,0.0,0.0,0.0,1.
1474,1474-5,0.152,3.0,0.0,0.0,0.0,0.0,1.0,0.0,0.0,0.0,1.
1474,1474-6,0.153,3.0,0.0,0.0,0.0,0.0,1.0,0.0,0.0,0.0,1.
1474,1474-7,0.822,38.0,0.0,0.0,0.0,0.0,0.0,0.0,1.0,0.0,1.
1474,1474-8,-0.378,40.0,0.0,0.0,0.0,0.0,0.0,0.0,0.0,1.0,1.
1391,1391-0,-0.142,22.0,0.0,1.0,0.0,0.0,0.0,0.0,0.0,0.0,1.
1391,1391-1,0.188,22.0,0.0,1.0,0.0,0.0,0.0,0.0,0.0,0.0,1.
1391,1391-2,0.288,1.0,0.0,0.0,0.0,0.0,1.0,0.0,0.0,0.0,1.
1391,1391-3,0.118,3.0,0.0,0.0,0.0,0.0,1.0,0.0,0.0,0.0,1.
1391,1391-4,-0.412,32.0,0.0,0.0,0.0,0.0,0.0,0.0,1.0,0.0,1.
1391,1391-5,0.787,38.0,0.0,0.0,0.0,0.0,0.0,0.0,1.0,0.0,1.
1391,1391-6,-0.413,40.0,0.0,0.0,0.0,0.0,0.0,0.0,0.0,1.0,1.
1391,1391-7,-0.412,40.0,0.0,0.0,0.0,0.0,0.0,0.0,0.0,1.0,1.
298,298-0,-0.114,22.0,0.0,1.0,0.0,0.0,0.0,0.0,0.0,0.0,1.
298,298-1,0.146,3.0,0.0,0.0,0.0,0.0,1.0,0.0,0.0,0.0,1.
298,298-2,0.817,38.0,0.0,0.0,0.0,0.0,0.0,0.0,1.0,0.0,1.
298,298-3,-0.384,40.0,0.0,0.0,0.0,0.0,0.0,0.0,0.0,1.0,1.
298,298-4,-0.383,40.0,0.0,0.0,0.0,0.0,0.0,0.0,0.0,1.0,1.
1197,1197-0,-0.148,22.0,0.0,1.0,0.0,0.0,0.0,0.0,0.0,0.0,1.
1197,1197-1,0.182,22.0,0.0,1.0,0.0,0.0,0.0,0.0,0.0,0.0,1.
1197,1197-2,0.282,1.0,0.0,0.0,0.0,0.0,1.0,0.0,0.0,0.0,1.
1197,1197-3,0.112,3.0,0.0,0.0,0.0,0.0,1.0,0.0,0.0,0.0,1.
1197,1197-4,-0.419,32.0,0.0,0.0,0.0,0.0,0.0,0.0,1.0,0.0,1.
1197,1197-5,-0.418,32.0,0.0,0.0,0.0,0.0,0.0,0.0,1.0,0.0,1.
1197,1197-6,0.781,38.0,0.0,0.0,0.0,0.0,0.0,0.0,1.0,0.0,1.
1197,1197-7,-0.418,40.0,0.0,0.0,0.0,0.0,0.0,0.0,0.0,1.0,1.
1681,1681-0,-0.128,22.0,0.0,1.0,0.0,0.0,0.0,0.0,0.0,0.0,1.
1681,1681-1,0.202,22.0,0.0,1.0,0.0,0.0,0.0,0.0,0.0,0.0,1.
1681,1681-2,0.002,29.0,0.0,1.0,0.0,0.0,0.0,0.0,0.0,0.0,1.
1681,1681-3,0.332,1.0,0.0,0.0,0.0,0.0,1.0,0.0,0.0,0.0,1.
1681,1681-4,0.132,3.0,0.0,0.0,0.0,0.0,1.0,0.0,0.0,0.0,1.
1681,1681-5,-0.779,32.0,0.0,0.0,0.0,0.0,0.0,0.0,1.0,0.0,1.
1681,1681-6,0.801,38.0,0.0,0.0,0.0,0.0,0.0,0.0,1.0,0.0,1.
1681,1681-7,-0.398,40.0,0.0,0.0,0.0,0.0,0.0,0.0,0.0,1.0,1.
1428,1428-0,-0.125,22.0,0.0,1.0,0.0,0.0,0.0,0.0,0.0,0.0,0.
1428,1428-1,0.005,29.0,0.0,1.0,0.0,0.0,0.0,0.0,0.0,0.0,0.
1428,1428-2,0.135,3.0,0.0,0.0,0.0,0.0,1.0,0.0,0.0,0.0,0.
1428,1428-3,0.136,3.0,0.0,0.0,0.0,0.0,1.0,0.0,0.0,0.0,0.
1428,1428-4,0.806,38.0,0.0,0.0,0.0,0.0,0.0,0.0,1.0,0.0,0.
1428,1428-5,-0.394,40.0,0.0,0.0,0.0,0.0,0.0,0.0,0.0,1.0,0.
1780,1780-0,-0.132,22.0,0.0,1.0,0.0,0.0,0.0,0.0,0.0,0.0,0.
1780,1780-1,0.198,22.0,0.0,1.0,0.0,0.0,0.0,0.0,0.0,0.0,0.
1780,1780-2,0.328,1.0,0.0,0.0,0.0,0.0,1.0,0.0,0.0,0.0,0.
1780,1780-3,0.329,1.0,0.0,0.0,0.0,0.0,1.0,0.0,0.0,0.0,0.
1780,1780-4,0.128,3.0,0.0,0.0,0.0,0.0,1.0,0.0,0.0,0.0,0.
1780,1780-5,-0.781,32.0,0.0,0.0,0.0,0.0,0.0,0.0,1.0,0.0,0.
1780,1780-6,0.799,38.0,0.0,0.0,0.0,0.0,0.0,0.0,1.0,0.0,0.
1780,1780-7,-0.401,40.0,0.0,0.0,0.0,0.0,0.0,0.0,0.0,1.0,0.
1750,1750-0,-0.127,22.0,0.0,1.0,0.0,0.0,0.0,0.0,0.0,0.0,0.
1750,1750-1,0.203,22.0,0.0,1.0,0.0,0.0,0.0,0.0,0.0,0.0,0.
1750,1750-2,0.253,22.0,0.0,1.0,0.0,0.0,0.0,0.0,0.0,0.0,0.
1750,1750-3,0.333,1.0,0.0,0.0,0.0,0.0,1.0,0.0,0.0,0.0,0.
1750,1750-4,0.133,3.0,0.0,0.0,0.0,0.0,1.0,0.0,0.0,0.0,0.
1750,1750-5,0.403,8.0,0.0,0.0,0.0,0.0,1.0,0.0,0.0,0.0,0.
1750,1750-6,-0.777,32.0,0.0,0.0,0.0,0.0,0.0,0.0,1.0,0.0,0.
1750,1750-7,0.802,38.0,0.0,0.0,0.0,0.0,0.0,0.0,1.0,0.0,0.
1750,1750-8,-0.397,40.0,0.0,0.0,0.0,0.0,0.0,0.0,0.0,1.0,0.
1750,1750-9,-0.647,45.0,0.0,0.0,0.0,0.0,0.0,0.0,0.0,1.0,0.
1454,1454-0,0.087,10.0,0.0,1.0,0.0,0.0,0.0,0.0,0.0,0.0,0.
1454,1454-1,-0.134,22.0,0.0,1.0,0.0,0.0,0.0,0.0,0.0,0.0,0.
1454,1454-2,-0.133,22.0,0.0,1.0,0.0,0.0,0.0,0.0,0.0,0.0,0.
1454,1454-3,0.176,22.0,0.0,1.0,0.0,0.0,0.0,0.0,0.0,0.0,0.
1454,1454-4,0.047,3.0,0.0,0.0,0.0,0.0,1.0,0.0,0.0,0.0,0.
1454,1454-5,0.127,3.0,0.0,0.0,0.0,0.0,1.0,0.0,0.0,0.0,0.
1454,1454-6,0.796,38.0,0.0,0.0,0.0,0.0,0.0,0.0,1.0,0.0,0.
1454,1454-7,-0.404,40.0,0.0,0.0,0.0,0.0,0.0,0.0,0.0,1.0,0.
1454,1454-8,-0.234,50.0,0.0,0.0,0.0,0.0,0.0,0.0,0.0,1.0,0.
649,649-0,-0.193,16.0,0.0,1.0,0.0,0.0,0.0,0.0,0.0,0.0,0.
649,649-1,-0.192,16.0,0.0,1.0,0.0,0.0,0.0,0.0,0.0,0.0,0.
649,649-2,-0.123,22.0,0.0,1.0,0.0,0.0,0.0,0.0,0.0,0.0,0.
649,649-3,0.107,22.0,0.0,1.0,0.0,0.0,0.0,0.0,0.0,0.0,0.
649,649-4,0.107,3.0,0.0,0.0,0.0,0.0,1.0,0.0,0.0,0.0,0.
649,649-5,0.137,3.0,0.0,0.0,0.0,0.0,1.0,0.0,0.0,0.0,0.
649,649-6,0.808,38.0,0.0,0.0,0.0,0.0,0.0,0.0,1.0,0.0,0.
649,649-7,-0.392,40.0,0.0,0.0,0.0,0.0,0.0,0.0,0.0,1.0,0.
1668,1668-0,0.113,10.0,0.0,1.0,0.0,0.0,0.0,0.0,0.0,0.0,0.
1668,1668-1,-0.107,21.0,0.0,1.0,0.0,0.0,0.0,0.0,0.0,0.0,0.
1668,1668-2,-0.107,22.0,0.0,1.0,0.0,0.0,0.0,0.0,0.0,0.0,0.
1668,1668-3,0.123,26.0,0.0,1.0,0.0,0.0,0.0,0.0,0.0,0.0,0.
1668,1668-4,0.323,26.0,0.0,1.0,0.0,0.0,0.0,0.0,0.0,0.0,0.
1668,1668-5,0.073,3.0,0.0,0.0,0.0,0.0,1.0,0.0,0.0,0.0,0.
1668,1668-6,0.123,3.0,0.0,0.0,0.0,0.0,1.0,0.0,0.0,0.0,0.
1668,1668-7,0.153,3.0,0.0,0.0,0.0,0.0,1.0,0.0,0.0,0.0,0.
1668,1668-8,-0.517,34.0,0.0,0.0,0.0,0.0,0.0,0.0,1.0,0.0,0.
1668,1668-9,-0.377,34.0,0.0,0.0,0.0,0.0,0.0,0.0,1.0,0.0,0.
1668,1668-10,0.823,38.0,0.0,0.0,0.0,0.0,0.0,0.0,1.0,0.0,0.
1668,1668-11,-0.377,40.0,0.0,0.0,0.0,0.0,0.0,0.0,0.0,1.0,0.
122,122-0,-0.112,22.0,0.0,1.0,0.0,0.0,0.0,0.0,0.0,0.0,1.
122,122-1,-0.082,27.0,0.0,1.0,0.0,0.0,0.0,0.0,0.0,0.0,1.
122,122-2,0.018,27.0,0.0,1.0,0.0,0.0,0.0,0.0,0.0,0.0,1.
122,122-3,0.148,3.0,0.0,0.0,0.0,0.0,1.0,0.0,0.0,0.0,1.
122,122-4,0.149,3.0,0.0,0.0,0.0,0.0,1.0,0.0,0.0,0.0,1.
122,122-5,0.819,38.0,0.0,0.0,0.0,0.0,0.0,0.0,1.0,0.0,1.
122,122-6,-0.381,40.0,0.0,0.0,0.0,0.0,0.0,0.0,0.0,1.0,1.
384,384-0,-0.122,22.0,0.0,1.0,0.0,0.0,0.0,0.0,0.0,0.0,1.
384,384-1,-0.092,27.0,0.0,1.0,0.0,0.0,0.0,0.0,0.0,0.0,1.
384,384-2,0.008,27.0,0.0,1.0,0.0,0.0,0.0,0.0,0.0,0.0,1.
384,384-3,0.008,28.0,0.0,1.0,0.0,0.0,0.0,0.0,0.0,0.0,1.
384,384-4,0.008,29.0,0.0,1.0,0.0,0.0,0.0,0.0,0.0,0.0,1.
384,384-5,0.138,3.0,0.0,0.0,0.0,0.0,1.0,0.0,0.0,0.0,1.
384,384-6,0.139,3.0,0.0,0.0,0.0,0.0,1.0,0.0,0.0,0.0,1.
384,384-7,0.809,38.0,0.0,0.0,0.0,0.0,0.0,0.0,1.0,0.0,1.
384,384-8,-0.391,40.0,0.0,0.0,0.0,0.0,0.0,0.0,0.0,1.0,1.
939,939-0,-0.118,22.0,0.0,1.0,0.0,0.0,0.0,0.0,0.0,0.0,1.
939,939-1,-0.088,27.0,0.0,1.0,0.0,0.0,0.0,0.0,0.0,0.0,1.
939,939-2,0.012,27.0,0.0,1.0,0.0,0.0,0.0,0.0,0.0,0.0,1.
939,939-3,0.141,3.0,0.0,0.0,0.0,0.0,1.0,0.0,0.0,0.0,1.
939,939-4,0.142,3.0,0.0,0.0,0.0,0.0,1.0,0.0,0.0,0.0,1.
939,939-5,0.811,38.0,0.0,0.0,0.0,0.0,0.0,0.0,1.0,0.0,1.
939,939-6,-0.389,40.0,0.0,0.0,0.0,0.0,0.0,0.0,0.0,1.0,1.
415,415-0,-0.115,21.0,0.0,1.0,0.0,0.0,0.0,0.0,0.0,0.0,1.
415,415-1,0.015,21.0,0.0,1.0,0.0,0.0,0.0,0.0,0.0,0.0,1.
415,415-2,-0.115,22.0,0.0,1.0,0.0,0.0,0.0,0.0,0.0,0.0,1.
415,415-3,-0.085,25.0,0.0,1.0,0.0,0.0,0.0,0.0,0.0,0.0,1.
415,415-4,-0.085,26.0,0.0,1.0,0.0,0.0,0.0,0.0,0.0,0.0,1.
415,415-5,-0.085,27.0,0.0,1.0,0.0,0.0,0.0,0.0,0.0,0.0,1.
415,415-6,0.015,27.0,0.0,1.0,0.0,0.0,0.0,0.0,0.0,0.0,1.
415,415-7,0.144,3.0,0.0,0.0,0.0,0.0,1.0,0.0,0.0,0.0,1.
415,415-8,0.145,3.0,0.0,0.0,0.0,0.0,1.0,0.0,0.0,0.0,1.
415,415-9,0.814,38.0,0.0,0.0,0.0,0.0,0.0,0.0,1.0,0.0,1.
415,415-10,-0.386,40.0,0.0,0.0,0.0,0.0,0.0,0.0,0.0,1.0,1.
1619,1619-0,-0.086,10.0,0.0,1.0,0.0,0.0,0.0,0.0,0.0,0.0,1.
1619,1619-1,-0.116,22.0,0.0,1.0,0.0,0.0,0.0,0.0,0.0,0.0,1.
1619,1619-2,0.014,22.0,0.0,1.0,0.0,0.0,0.0,0.0,0.0,0.0,1.
1619,1619-3,-0.086,27.0,0.0,1.0,0.0,0.0,0.0,0.0,0.0,0.0,1.
1619,1619-4,0.014,27.0,0.0,1.0,0.0,0.0,0.0,0.0,0.0,0.0,1.
1619,1619-5,-0.086,195.0,0.0,1.0,0.0,0.0,0.0,0.0,0.0,0.0,1.
1619,1619-6,0.014,195.0,0.0,1.0,0.0,0.0,0.0,0.0,0.0,0.0,1.
1619,1619-7,0.064,3.0,0.0,0.0,0.0,0.0,1.0,0.0,0.0,0.0,1.
1619,1619-8,0.145,3.0,0.0,0.0,0.0,0.0,1.0,0.0,0.0,0.0,1.
1619,1619-9,0.815,38.0,0.0,0.0,0.0,0.0,0.0,0.0,1.0,0.0,1.
1619,1619-10,-0.385,40.0,0.0,0.0,0.0,0.0,0.0,0.0,0.0,1.0,1.
494,494-0,-0.092,10.0,0.0,1.0,0.0,0.0,0.0,0.0,0.0,0.0,1.
494,494-1,-0.123,22.0,0.0,1.0,0.0,0.0,0.0,0.0,0.0,0.0,1.
494,494-2,-0.122,22.0,0.0,1.0,0.0,0.0,0.0,0.0,0.0,0.0,1.
494,494-3,0.008,22.0,0.0,1.0,0.0,0.0,0.0,0.0,0.0,0.0,1.
494,494-4,0.008,29.0,0.0,1.0,0.0,0.0,0.0,0.0,0.0,0.0,1.
494,494-5,0.058,3.0,0.0,0.0,0.0,0.0,1.0,0.0,0.0,0.0,1.
494,494-6,0.137,3.0,0.0,0.0,0.0,0.0,1.0,0.0,0.0,0.0,1.
494,494-7,0.807,38.0,0.0,0.0,0.0,0.0,0.0,0.0,1.0,0.0,1.
494,494-8,-0.393,40.0,0.0,0.0,0.0,0.0,0.0,0.0,0.0,1.0,1.
1337,1337-0,-0.116,22.0,0.0,1.0,0.0,0.0,0.0,0.0,0.0,0.0,1.
1337,1337-1,0.014,29.0,0.0,1.0,0.0,0.0,0.0,0.0,0.0,0.0,1.
1337,1337-2,0.144,3.0,0.0,0.0,0.0,0.0,1.0,0.0,0.0,0.0,1.
1337,1337-3,0.813,38.0,0.0,0.0,0.0,0.0,0.0,0.0,1.0,0.0,1.
1337,1337-4,0.814,38.0,0.0,0.0,0.0,0.0,0.0,0.0,1.0,0.0,1.
1337,1337-5,-0.386,40.0,0.0,0.0,0.0,0.0,0.0,0.0,0.0,1.0,1.
144,144-0,-0.125,22.0,0.0,1.0,0.0,0.0,0.0,0.0,0.0,0.0,1.
144,144-1,0.005,27.0,0.0,1.0,0.0,0.0,0.0,0.0,0.0,0.0,1.
144,144-2,0.135,3.0,0.0,0.0,0.0,0.0,1.0,0.0,0.0,0.0,1.
144,144-3,0.805,38.0,0.0,0.0,0.0,0.0,0.0,0.0,1.0,0.0,1.
144,144-4,-0.395,40.0,0.0,0.0,0.0,0.0,0.0,0.0,0.0,1.0,1.
1200,1200-0,0.025,10.0,0.0,1.0,0.0,0.0,0.0,0.0,0.0,0.0,1.
1200,1200-1,-0.105,22.0,0.0,1.0,0.0,0.0,0.0,0.0,0.0,0.0,1.
1200,1200-2,0.025,29.0,0.0,1.0,0.0,0.0,0.0,0.0,0.0,0.0,1.
1200,1200-3,-0.176,93.0,0.0,0.0,1.0,0.0,0.0,0.0,0.0,0.0,1.
1200,1200-4,0.075,3.0,0.0,0.0,0.0,0.0,1.0,0.0,0.0,0.0,1.
1200,1200-5,0.154,3.0,0.0,0.0,0.0,0.0,1.0,0.0,0.0,0.0,1.
1200,1200-6,0.155,3.0,0.0,0.0,0.0,0.0,1.0,0.0,0.0,0.0,1.
1200,1200-7,0.824,38.0,0.0,0.0,0.0,0.0,0.0,0.0,1.0,0.0,1.
1200,1200-8,-0.376,40.0,0.0,0.0,0.0,0.0,0.0,0.0,0.0,1.0,1.
152,152-0,-0.118,22.0,0.0,1.0,0.0,0.0,0.0,0.0,0.0,0.0,1.
152,152-1,-0.088,27.0,0.0,1.0,0.0,0.0,0.0,0.0,0.0,0.0,1.
152,152-2,0.012,27.0,0.0,1.0,0.0,0.0,0.0,0.0,0.0,0.0,1.
152,152-3,0.012,28.0,0.0,1.0,0.0,0.0,0.0,0.0,0.0,0.0,1.
152,152-4,0.012,29.0,0.0,1.0,0.0,0.0,0.0,0.0,0.0,0.0,1.
152,152-5,0.142,3.0,0.0,0.0,0.0,0.0,1.0,0.0,0.0,0.0,1.
152,152-6,0.812,38.0,0.0,0.0,0.0,0.0,0.0,0.0,1.0,0.0,1.
152,152-7,-0.388,40.0,0.0,0.0,0.0,0.0,0.0,0.0,0.0,1.0,1.
1509,1509-0,-0.12,22.0,0.0,1.0,0.0,0.0,0.0,0.0,0.0,0.0,1.
1509,1509-1,0.01,29.0,0.0,1.0,0.0,0.0,0.0,0.0,0.0,0.0,1.
1509,1509-2,0.14,3.0,0.0,0.0,0.0,0.0,1.0,0.0,0.0,0.0,1.
1509,1509-3,0.81,38.0,0.0,0.0,0.0,0.0,0.0,0.0,1.0,0.0,1.
1509,1509-4,-0.39,40.0,0.0,0.0,0.0,0.0,0.0,0.0,0.0,1.0,1.
327,327-0,0.597,14.0,0.0,1.0,0.0,0.0,0.0,0.0,0.0,0.0,1.
327,327-1,-0.204,16.0,0.0,1.0,0.0,0.0,0.0,0.0,0.0,0.0,1.
327,327-2,-0.134,21.0,0.0,1.0,0.0,0.0,0.0,0.0,0.0,0.0,1.
327,327-3,-0.004,21.0,0.0,1.0,0.0,0.0,0.0,0.0,0.0,0.0,1.
327,327-4,0.096,21.0,0.0,1.0,0.0,0.0,0.0,0.0,0.0,0.0,1.
327,327-5,0.246,1.0,0.0,0.0,0.0,0.0,1.0,0.0,0.0,0.0,1.
327,327-6,0.046,3.0,0.0,0.0,0.0,0.0,1.0,0.0,0.0,0.0,1.
327,327-7,0.096,3.0,0.0,0.0,0.0,0.0,1.0,0.0,0.0,0.0,1.
327,327-8,0.126,3.0,0.0,0.0,0.0,0.0,1.0,0.0,0.0,0.0,1.
327,327-9,-0.404,32.0,0.0,0.0,0.0,0.0,0.0,0.0,1.0,0.0,1.
327,327-10,0.797,38.0,0.0,0.0,0.0,0.0,0.0,0.0,1.0,0.0,1.
327,327-11,-0.553,40.0,0.0,0.0,0.0,0.0,0.0,0.0,0.0,1.0,1.
327,327-12,-0.404,40.0,0.0,0.0,0.0,0.0,0.0,0.0,0.0,1.0,1.
327,327-13,-0.403,40.0,0.0,0.0,0.0,0.0,0.0,0.0,0.0,1.0,1.
327,327-14,-0.034,52.0,0.0,0.0,0.0,0.0,0.0,0.0,0.0,1.0,1.
477,477-0,-0.122,22.0,0.0,1.0,0.0,0.0,0.0,0.0,0.0,0.0,1.
477,477-1,-0.092,27.0,0.0,1.0,0.0,0.0,0.0,0.0,0.0,0.0,1.
477,477-2,0.008,27.0,0.0,1.0,0.0,0.0,0.0,0.0,0.0,0.0,1.
477,477-3,0.008,28.0,0.0,1.0,0.0,0.0,0.0,0.0,0.0,0.0,1.
477,477-4,0.008,29.0,0.0,1.0,0.0,0.0,0.0,0.0,0.0,0.0,1.
477,477-5,0.138,3.0,0.0,0.0,0.0,0.0,1.0,0.0,0.0,0.0,1.
477,477-6,0.139,3.0,0.0,0.0,0.0,0.0,1.0,0.0,0.0,0.0,1.
477,477-7,0.809,38.0,0.0,0.0,0.0,0.0,0.0,0.0,1.0,0.0,1.
477,477-8,-0.391,40.0,0.0,0.0,0.0,0.0,0.0,0.0,0.0,1.0,1.
1281,1281-0,-0.08,22.0,0.0,1.0,0.0,0.0,0.0,0.0,0.0,0.0,0.
1281,1281-1,0.229,22.0,0.0,1.0,0.0,0.0,0.0,0.0,0.0,0.0,0.
1281,1281-2,-0.15,93.0,0.0,0.0,1.0,0.0,0.0,0.0,0.0,0.0,0.
1281,1281-3,0.179,3.0,0.0,0.0,0.0,0.0,1.0,0.0,0.0,0.0,0.
1281,1281-4,0.18,3.0,0.0,0.0,0.0,0.0,1.0,0.0,0.0,0.0,0.
1281,1281-5,0.849,38.0,0.0,0.0,0.0,0.0,0.0,0.0,1.0,0.0,0.
1281,1281-6,-0.351,40.0,0.0,0.0,0.0,0.0,0.0,0.0,0.0,1.0,0.
1281,1281-7,-0.181,50.0,0.0,0.0,0.0,0.0,0.0,0.0,0.0,1.0,0.
1281,1281-8,-0.18,50.0,0.0,0.0,0.0,0.0,0.0,0.0,0.0,1.0,0.
872,872-0,0.016,10.0,0.0,1.0,0.0,0.0,0.0,0.0,0.0,0.0,0.
872,872-1,-0.114,22.0,0.0,1.0,0.0,0.0,0.0,0.0,0.0,0.0,0.
872,872-2,0.516,22.0,0.0,1.0,0.0,0.0,0.0,0.0,0.0,0.0,0.
872,872-3,-0.084,27.0,0.0,1.0,0.0,0.0,0.0,0.0,0.0,0.0,0.
872,872-4,0.016,27.0,0.0,1.0,0.0,0.0,0.0,0.0,0.0,0.0,0.
872,872-5,0.066,3.0,0.0,0.0,0.0,0.0,1.0,0.0,0.0,0.0,0.
872,872-6,0.146,3.0,0.0,0.0,0.0,0.0,1.0,0.0,0.0,0.0,0.
872,872-7,-0.755,35.0,0.0,0.0,0.0,0.0,0.0,0.0,1.0,0.0,0.
872,872-8,0.815,38.0,0.0,0.0,0.0,0.0,0.0,0.0,1.0,0.0,0.
872,872-9,-0.384,40.0,0.0,0.0,0.0,0.0,0.0,0.0,0.0,1.0,0.
1335,1335-0,-0.113,22.0,0.0,1.0,0.0,0.0,0.0,0.0,0.0,0.0,0.
1335,1335-1,0.017,29.0,0.0,1.0,0.0,0.0,0.0,0.0,0.0,0.0,0.
1335,1335-2,0.147,3.0,0.0,0.0,0.0,0.0,1.0,0.0,0.0,0.0,0.
1335,1335-3,0.818,38.0,0.0,0.0,0.0,0.0,0.0,0.0,1.0,0.0,0.
1335,1335-4,-0.383,40.0,0.0,0.0,0.0,0.0,0.0,0.0,0.0,1.0,0.
1335,1335-5,-0.382,40.0,0.0,0.0,0.0,0.0,0.0,0.0,0.0,1.0,0.
983,983-0,-0.097,22.0,0.0,1.0,0.0,0.0,0.0,0.0,0.0,0.0,0.
983,983-1,0.333,22.0,0.0,1.0,0.0,0.0,0.0,0.0,0.0,0.0,0.
983,983-2,-0.167,93.0,0.0,0.0,1.0,0.0,0.0,0.0,0.0,0.0,0.
983,983-3,-0.267,92.0,0.0,0.0,0.0,1.0,0.0,0.0,0.0,0.0,0.
983,983-4,0.163,3.0,0.0,0.0,0.0,0.0,1.0,0.0,0.0,0.0,0.
983,983-5,0.832,38.0,0.0,0.0,0.0,0.0,0.0,0.0,1.0,0.0,0.
983,983-6,-0.368,40.0,0.0,0.0,0.0,0.0,0.0,0.0,0.0,1.0,0.
983,983-7,-0.367,40.0,0.0,0.0,0.0,0.0,0.0,0.0,0.0,1.0,0.
1435,1435-0,0.042,21.0,0.0,1.0,0.0,0.0,0.0,0.0,0.0,0.0,0.
1435,1435-1,-0.088,22.0,0.0,1.0,0.0,0.0,0.0,0.0,0.0,0.0,0.
1435,1435-2,-0.058,26.0,0.0,1.0,0.0,0.0,0.0,0.0,0.0,0.0,0.
1435,1435-3,0.002,26.0,0.0,1.0,0.0,0.0,0.0,0.0,0.0,0.0,0.
1435,1435-4,0.543,1.0,0.0,0.0,0.0,0.0,1.0,0.0,0.0,0.0,0.
1435,1435-5,0.172,3.0,0.0,0.0,0.0,0.0,1.0,0.0,0.0,0.0,0.
1435,1435-6,-0.497,34.0,0.0,0.0,0.0,0.0,0.0,0.0,1.0,0.0,0.
1435,1435-7,0.843,38.0,0.0,0.0,0.0,0.0,0.0,0.0,1.0,0.0,0.
1435,1435-8,-0.357,40.0,0.0,0.0,0.0,0.0,0.0,0.0,0.0,1.0,0.
431,431-0,-0.123,22.0,0.0,1.0,0.0,0.0,0.0,0.0,0.0,0.0,0.
431,431-1,0.006,27.0,0.0,1.0,0.0,0.0,0.0,0.0,0.0,0.0,0.
431,431-2,0.136,3.0,0.0,0.0,0.0,0.0,1.0,0.0,0.0,0.0,0.
431,431-3,0.137,3.0,0.0,0.0,0.0,0.0,1.0,0.0,0.0,0.0,0.
431,431-4,0.806,38.0,0.0,0.0,0.0,0.0,0.0,0.0,1.0,0.0,0.
431,431-5,-0.395,40.0,0.0,0.0,0.0,0.0,0.0,0.0,0.0,1.0,0.
168,168-0,-0.142,22.0,0.0,1.0,0.0,0.0,0.0,0.0,0.0,0.0,1.
168,168-1,0.188,22.0,0.0,1.0,0.0,0.0,0.0,0.0,0.0,0.0,1.
168,168-2,0.288,1.0,0.0,0.0,0.0,0.0,1.0,0.0,0.0,0.0,1.
168,168-3,0.118,3.0,0.0,0.0,0.0,0.0,1.0,0.0,0.0,0.0,1.
168,168-4,-0.412,32.0,0.0,0.0,0.0,0.0,0.0,0.0,1.0,0.0,1.
168,168-5,0.787,38.0,0.0,0.0,0.0,0.0,0.0,0.0,1.0,0.0,1.
168,168-6,-0.413,40.0,0.0,0.0,0.0,0.0,0.0,0.0,0.0,1.0,1.
168,168-7,-0.412,40.0,0.0,0.0,0.0,0.0,0.0,0.0,0.0,1.0,1.
1438,1438-0,-0.091,10.0,0.0,1.0,0.0,0.0,0.0,0.0,0.0,0.0,1.
1438,1438-1,-0.122,22.0,0.0,1.0,0.0,0.0,0.0,0.0,0.0,0.0,1.
1438,1438-2,-0.121,22.0,0.0,1.0,0.0,0.0,0.0,0.0,0.0,0.0,1.
1438,1438-3,0.009,22.0,0.0,1.0,0.0,0.0,0.0,0.0,0.0,0.0,1.
1438,1438-4,-0.091,27.0,0.0,1.0,0.0,0.0,0.0,0.0,0.0,0.0,1.
1438,1438-5,0.009,27.0,0.0,1.0,0.0,0.0,0.0,0.0,0.0,0.0,1.
1438,1438-6,0.059,3.0,0.0,0.0,0.0,0.0,1.0,0.0,0.0,0.0,1.
1438,1438-7,0.138,3.0,0.0,0.0,0.0,0.0,1.0,0.0,0.0,0.0,1.
1438,1438-8,0.808,38.0,0.0,0.0,0.0,0.0,0.0,0.0,1.0,0.0,1.
1438,1438-9,-0.392,40.0,0.0,0.0,0.0,0.0,0.0,0.0,0.0,1.0,1.
1451,1451-0,-0.118,22.0,0.0,1.0,0.0,0.0,0.0,0.0,0.0,0.0,1.
1451,1451-1,-0.088,27.0,0.0,1.0,0.0,0.0,0.0,0.0,0.0,0.0,1.
1451,1451-2,0.012,27.0,0.0,1.0,0.0,0.0,0.0,0.0,0.0,0.0,1.
1451,1451-3,0.141,3.0,0.0,0.0,0.0,0.0,1.0,0.0,0.0,0.0,1.
1451,1451-4,0.142,3.0,0.0,0.0,0.0,0.0,1.0,0.0,0.0,0.0,1.
1451,1451-5,0.811,38.0,0.0,0.0,0.0,0.0,0.0,0.0,1.0,0.0,1.
1451,1451-6,-0.389,40.0,0.0,0.0,0.0,0.0,0.0,0.0,0.0,1.0,1.
814,814-0,-0.119,22.0,0.0,1.0,0.0,0.0,0.0,0.0,0.0,0.0,1.
814,814-1,0.262,22.0,0.0,1.0,0.0,0.0,0.0,0.0,0.0,0.0,1.
814,814-2,-0.089,27.0,0.0,1.0,0.0,0.0,0.0,0.0,0.0,0.0,1.
814,814-3,0.011,27.0,0.0,1.0,0.0,0.0,0.0,0.0,0.0,0.0,1.
814,814-4,0.141,3.0,0.0,0.0,0.0,0.0,1.0,0.0,0.0,0.0,1.
814,814-5,0.142,3.0,0.0,0.0,0.0,0.0,1.0,0.0,0.0,0.0,1.
814,814-6,0.412,8.0,0.0,0.0,0.0,0.0,1.0,0.0,0.0,0.0,1.
814,814-7,0.812,38.0,0.0,0.0,0.0,0.0,0.0,0.0,1.0,0.0,1.
814,814-8,-0.388,40.0,0.0,0.0,0.0,0.0,0.0,0.0,0.0,1.0,1.
814,814-9,-0.638,45.0,0.0,0.0,0.0,0.0,0.0,0.0,0.0,1.0,1.
1340,1340-0,-0.122,22.0,0.0,1.0,0.0,0.0,0.0,0.0,0.0,0.0,1.
1340,1340-1,-0.092,27.0,0.0,1.0,0.0,0.0,0.0,0.0,0.0,0.0,1.
1340,1340-2,0.008,27.0,0.0,1.0,0.0,0.0,0.0,0.0,0.0,0.0,1.
1340,1340-3,0.008,28.0,0.0,1.0,0.0,0.0,0.0,0.0,0.0,0.0,1.
1340,1340-4,0.008,29.0,0.0,1.0,0.0,0.0,0.0,0.0,0.0,0.0,1.
1340,1340-5,0.138,3.0,0.0,0.0,0.0,0.0,1.0,0.0,0.0,0.0,1.
1340,1340-6,0.139,3.0,0.0,0.0,0.0,0.0,1.0,0.0,0.0,0.0,1.
1340,1340-7,0.809,38.0,0.0,0.0,0.0,0.0,0.0,0.0,1.0,0.0,1.
1340,1340-8,-0.391,40.0,0.0,0.0,0.0,0.0,0.0,0.0,0.0,1.0,1.
580,580-0,0.019,10.0,0.0,1.0,0.0,0.0,0.0,0.0,0.0,0.0,1.
580,580-1,-0.111,22.0,0.0,1.0,0.0,0.0,0.0,0.0,0.0,0.0,1.
580,580-2,0.019,29.0,0.0,1.0,0.0,0.0,0.0,0.0,0.0,0.0,1.
580,580-3,0.069,3.0,0.0,0.0,0.0,0.0,1.0,0.0,0.0,0.0,1.
580,580-4,0.148,3.0,0.0,0.0,0.0,0.0,1.0,0.0,0.0,0.0,1.
580,580-5,0.149,3.0,0.0,0.0,0.0,0.0,1.0,0.0,0.0,0.0,1.
580,580-6,-0.031,95.0,0.0,0.0,0.0,0.0,0.0,1.0,0.0,0.0,1.
580,580-7,0.818,38.0,0.0,0.0,0.0,0.0,0.0,0.0,1.0,0.0,1.
580,580-8,-0.382,40.0,0.0,0.0,0.0,0.0,0.0,0.0,0.0,1.0,1.
1718,1718-0,-0.114,22.0,0.0,1.0,0.0,0.0,0.0,0.0,0.0,0.0,1.
1718,1718-1,0.316,22.0,0.0,1.0,0.0,0.0,0.0,0.0,0.0,0.0,1.
1718,1718-2,-0.284,92.0,0.0,0.0,0.0,1.0,0.0,0.0,0.0,0.0,1.
1718,1718-3,0.146,3.0,0.0,0.0,0.0,0.0,1.0,0.0,0.0,0.0,1.
1718,1718-4,0.817,38.0,0.0,0.0,0.0,0.0,0.0,0.0,1.0,0.0,1.
1718,1718-5,-0.384,40.0,0.0,0.0,0.0,0.0,0.0,0.0,0.0,1.0,1.
1718,1718-6,-0.383,40.0,0.0,0.0,0.0,0.0,0.0,0.0,0.0,1.0,1.
793,793-0,-0.022,10.0,0.0,1.0,0.0,0.0,0.0,0.0,0.0,0.0,1.
793,793-1,0.577,14.0,0.0,1.0,0.0,0.0,0.0,0.0,0.0,0.0,1.
793,793-2,-0.152,22.0,0.0,1.0,0.0,0.0,0.0,0.0,0.0,0.0,1.
793,793-3,0.078,22.0,0.0,1.0,0.0,0.0,0.0,0.0,0.0,0.0,1.
793,793-4,0.177,22.0,0.0,1.0,0.0,0.0,0.0,0.0,0.0,0.0,1.
793,793-5,0.277,1.0,0.0,0.0,0.0,0.0,1.0,0.0,0.0,0.0,1.
793,793-6,0.028,3.0,0.0,0.0,0.0,0.0,1.0,0.0,0.0,0.0,1.
793,793-7,0.108,3.0,0.0,0.0,0.0,0.0,1.0,0.0,0.0,0.0,1.
793,793-8,-0.423,32.0,0.0,0.0,0.0,0.0,0.0,0.0,1.0,0.0,1.
793,793-9,0.777,38.0,0.0,0.0,0.0,0.0,0.0,0.0,1.0,0.0,1.
793,793-10,-0.423,40.0,0.0,0.0,0.0,0.0,0.0,0.0,0.0,1.0,1.
43,43-0,0.56,14.0,0.0,1.0,0.0,0.0,0.0,0.0,0.0,0.0,1.
43,43-1,-0.119,22.0,0.0,1.0,0.0,0.0,0.0,0.0,0.0,0.0,1.
43,43-2,0.111,22.0,0.0,1.0,0.0,0.0,0.0,0.0,0.0,0.0,1.
43,43-3,0.011,29.0,0.0,1.0,0.0,0.0,0.0,0.0,0.0,0.0,1.
43,43-4,0.141,3.0,0.0,0.0,0.0,0.0,1.0,0.0,0.0,0.0,1.
43,43-5,0.81,38.0,0.0,0.0,0.0,0.0,0.0,0.0,1.0,0.0,1.
43,43-6,-0.54,40.0,0.0,0.0,0.0,0.0,0.0,0.0,0.0,1.0,1.
43,43-7,-0.39,40.0,0.0,0.0,0.0,0.0,0.0,0.0,0.0,1.0,1.
43,43-8,-0.389,40.0,0.0,0.0,0.0,0.0,0.0,0.0,0.0,1.0,1.
280,280-0,-0.118,22.0,0.0,1.0,0.0,0.0,0.0,0.0,0.0,0.0,1.
280,280-1,-0.088,27.0,0.0,1.0,0.0,0.0,0.0,0.0,0.0,0.0,1.
280,280-2,0.012,27.0,0.0,1.0,0.0,0.0,0.0,0.0,0.0,0.0,1.
280,280-3,0.012,28.0,0.0,1.0,0.0,0.0,0.0,0.0,0.0,0.0,1.
280,280-4,0.012,29.0,0.0,1.0,0.0,0.0,0.0,0.0,0.0,0.0,1.
280,280-5,0.142,3.0,0.0,0.0,0.0,0.0,1.0,0.0,0.0,0.0,1.
280,280-6,0.812,38.0,0.0,0.0,0.0,0.0,0.0,0.0,1.0,0.0,1.
280,280-7,-0.388,40.0,0.0,0.0,0.0,0.0,0.0,0.0,0.0,1.0,1.
1457,1457-0,-0.117,22.0,0.0,1.0,0.0,0.0,0.0,0.0,0.0,0.0,1.
1457,1457-1,-0.087,27.0,0.0,1.0,0.0,0.0,0.0,0.0,0.0,0.0,1.
1457,1457-2,0.013,27.0,0.0,1.0,0.0,0.0,0.0,0.0,0.0,0.0,1.
1457,1457-3,-0.087,195.0,0.0,1.0,0.0,0.0,0.0,0.0,0.0,0.0,1.
1457,1457-4,0.013,195.0,0.0,1.0,0.0,0.0,0.0,0.0,0.0,0.0,1.
1457,1457-5,0.142,3.0,0.0,0.0,0.0,0.0,1.0,0.0,0.0,0.0,1.
1457,1457-6,0.143,3.0,0.0,0.0,0.0,0.0,1.0,0.0,0.0,0.0,1.
1457,1457-7,0.812,38.0,0.0,0.0,0.0,0.0,0.0,0.0,1.0,0.0,1.
1457,1457-8,-0.388,40.0,0.0,0.0,0.0,0.0,0.0,0.0,0.0,1.0,1.
1095,1095-0,-0.089,10.0,0.0,1.0,0.0,0.0,0.0,0.0,0.0,0.0,1.
1095,1095-1,-0.118,22.0,0.0,1.0,0.0,0.0,0.0,0.0,0.0,0.0,1.
1095,1095-2,0.012,22.0,0.0,1.0,0.0,0.0,0.0,0.0,0.0,0.0,1.
1095,1095-3,-0.089,27.0,0.0,1.0,0.0,0.0,0.0,0.0,0.0,0.0,1.
1095,1095-4,0.012,27.0,0.0,1.0,0.0,0.0,0.0,0.0,0.0,0.0,1.
1095,1095-5,0.062,3.0,0.0,0.0,0.0,0.0,1.0,0.0,0.0,0.0,1.
1095,1095-6,0.141,3.0,0.0,0.0,0.0,0.0,1.0,0.0,0.0,0.0,1.
1095,1095-7,0.811,38.0,0.0,0.0,0.0,0.0,0.0,0.0,1.0,0.0,1.
1095,1095-8,-0.39,40.0,0.0,0.0,0.0,0.0,0.0,0.0,0.0,1.0,1.
1095,1095-9,-0.389,40.0,0.0,0.0,0.0,0.0,0.0,0.0,0.0,1.0,1.
955,955-0,-0.106,22.0,0.0,1.0,0.0,0.0,0.0,0.0,0.0,0.0,0.
955,955-1,0.224,22.0,0.0,1.0,0.0,0.0,0.0,0.0,0.0,0.0,0.
955,955-2,-0.176,93.0,0.0,0.0,1.0,0.0,0.0,0.0,0.0,0.0,0.
955,955-3,0.354,1.0,0.0,0.0,0.0,0.0,1.0,0.0,0.0,0.0,0.
955,955-4,0.154,3.0,0.0,0.0,0.0,0.0,1.0,0.0,0.0,0.0,0.
955,955-5,-0.757,32.0,0.0,0.0,0.0,0.0,0.0,0.0,1.0,0.0,0.
955,955-6,0.823,38.0,0.0,0.0,0.0,0.0,0.0,0.0,1.0,0.0,0.
955,955-7,-0.377,40.0,0.0,0.0,0.0,0.0,0.0,0.0,0.0,1.0,0.
1431,1431-0,-0.12,22.0,0.0,1.0,0.0,0.0,0.0,0.0,0.0,0.0,0.
1431,1431-1,0.21,22.0,0.0,1.0,0.0,0.0,0.0,0.0,0.0,0.0,0.
1431,1431-2,0.34,1.0,0.0,0.0,0.0,0.0,1.0,0.0,0.0,0.0,0.
1431,1431-3,0.14,3.0,0.0,0.0,0.0,0.0,1.0,0.0,0.0,0.0,0.
1431,1431-4,-0.77,32.0,0.0,0.0,0.0,0.0,0.0,0.0,1.0,0.0,0.
1431,1431-5,0.81,38.0,0.0,0.0,0.0,0.0,0.0,0.0,1.0,0.0,0.
1431,1431-6,-0.39,40.0,0.0,0.0,0.0,0.0,0.0,0.0,0.0,1.0,0.
72,72-0,-0.124,94.0,1.0,0.0,0.0,0.0,0.0,0.0,0.0,0.0,0.
72,72-1,-0.104,22.0,0.0,1.0,0.0,0.0,0.0,0.0,0.0,0.0,0.
72,72-2,0.226,22.0,0.0,1.0,0.0,0.0,0.0,0.0,0.0,0.0,0.
72,72-3,0.355,1.0,0.0,0.0,0.0,0.0,1.0,0.0,0.0,0.0,0.
72,72-4,0.356,1.0,0.0,0.0,0.0,0.0,1.0,0.0,0.0,0.0,0.
72,72-5,0.156,3.0,0.0,0.0,0.0,0.0,1.0,0.0,0.0,0.0,0.
72,72-6,-0.755,32.0,0.0,0.0,0.0,0.0,0.0,0.0,1.0,0.0,0.
72,72-7,0.825,38.0,0.0,0.0,0.0,0.0,0.0,0.0,1.0,0.0,0.
72,72-8,-0.375,40.0,0.0,0.0,0.0,0.0,0.0,0.0,0.0,1.0,0.
60,60-0,-0.118,22.0,0.0,1.0,0.0,0.0,0.0,0.0,0.0,0.0,0.
60,60-1,0.012,27.0,0.0,1.0,0.0,0.0,0.0,0.0,0.0,0.0,0.
60,60-2,0.142,3.0,0.0,0.0,0.0,0.0,1.0,0.0,0.0,0.0,0.
60,60-3,0.811,38.0,0.0,0.0,0.0,0.0,0.0,0.0,1.0,0.0,0.
60,60-4,-0.389,40.0,0.0,0.0,0.0,0.0,0.0,0.0,0.0,1.0,0.
60,60-5,-0.388,40.0,0.0,0.0,0.0,0.0,0.0,0.0,0.0,1.0,0.
176,176-0,-0.074,22.0,0.0,1.0,0.0,0.0,0.0,0.0,0.0,0.0,0.
176,176-1,-0.144,93.0,0.0,0.0,1.0,0.0,0.0,0.0,0.0,0.0,0.
176,176-2,0.187,3.0,0.0,0.0,0.0,0.0,1.0,0.0,0.0,0.0,0.
176,176-3,0.857,38.0,0.0,0.0,0.0,0.0,0.0,0.0,1.0,0.0,0.
176,176-4,-0.343,40.0,0.0,0.0,0.0,0.0,0.0,0.0,0.0,1.0,0.
313,313-0,-0.097,22.0,0.0,1.0,0.0,0.0,0.0,0.0,0.0,0.0,0.
313,313-1,0.282,22.0,0.0,1.0,0.0,0.0,0.0,0.0,0.0,0.0,0.
313,313-2,-0.067,27.0,0.0,1.0,0.0,0.0,0.0,0.0,0.0,0.0,0.
313,313-3,0.033,27.0,0.0,1.0,0.0,0.0,0.0,0.0,0.0,0.0,0.
313,313-4,0.162,3.0,0.0,0.0,0.0,0.0,1.0,0.0,0.0,0.0,0.
313,313-5,0.163,3.0,0.0,0.0,0.0,0.0,1.0,0.0,0.0,0.0,0.
313,313-6,-0.738,35.0,0.0,0.0,0.0,0.0,0.0,0.0,1.0,0.0,0.
313,313-7,0.832,38.0,0.0,0.0,0.0,0.0,0.0,0.0,1.0,0.0,0.
313,313-8,-0.368,40.0,0.0,0.0,0.0,0.0,0.0,0.0,0.0,1.0,0.
1101,1101-0,0.109,10.0,0.0,1.0,0.0,0.0,0.0,0.0,0.0,0.0,0.
1101,1101-1,-0.111,22.0,0.0,1.0,0.0,0.0,0.0,0.0,0.0,0.0,0.
1101,1101-2,0.198,22.0,0.0,1.0,0.0,0.0,0.0,0.0,0.0,0.0,0.
1101,1101-3,0.268,22.0,0.0,1.0,0.0,0.0,0.0,0.0,0.0,0.0,0.
1101,1101-4,-0.081,27.0,0.0,1.0,0.0,0.0,0.0,0.0,0.0,0.0,0.
1101,1101-5,0.019,27.0,0.0,1.0,0.0,0.0,0.0,0.0,0.0,0.0,0.
1101,1101-6,0.069,3.0,0.0,0.0,0.0,0.0,1.0,0.0,0.0,0.0,0.
1101,1101-7,0.149,3.0,0.0,0.0,0.0,0.0,1.0,0.0,0.0,0.0,0.
1101,1101-8,-0.752,35.0,0.0,0.0,0.0,0.0,0.0,0.0,1.0,0.0,0.
1101,1101-9,0.818,38.0,0.0,0.0,0.0,0.0,0.0,0.0,1.0,0.0,0.
1101,1101-10,-0.382,40.0,0.0,0.0,0.0,0.0,0.0,0.0,0.0,1.0,0.
1101,1101-11,-0.212,50.0,0.0,0.0,0.0,0.0,0.0,0.0,0.0,1.0,0.
971,971-0,-0.12,22.0,0.0,1.0,0.0,0.0,0.0,0.0,0.0,0.0,1.
971,971-1,0.01,29.0,0.0,1.0,0.0,0.0,0.0,0.0,0.0,0.0,1.
971,971-2,0.14,3.0,0.0,0.0,0.0,0.0,1.0,0.0,0.0,0.0,1.
971,971-3,0.81,38.0,0.0,0.0,0.0,0.0,0.0,0.0,1.0,0.0,1.
971,971-4,-0.39,40.0,0.0,0.0,0.0,0.0,0.0,0.0,0.0,1.0,1.
998,998-0,-0.122,22.0,0.0,1.0,0.0,0.0,0.0,0.0,0.0,0.0,1.
998,998-1,-0.092,27.0,0.0,1.0,0.0,0.0,0.0,0.0,0.0,0.0,1.
998,998-2,0.008,27.0,0.0,1.0,0.0,0.0,0.0,0.0,0.0,0.0,1.
998,998-3,0.008,28.0,0.0,1.0,0.0,0.0,0.0,0.0,0.0,0.0,1.
998,998-4,0.008,29.0,0.0,1.0,0.0,0.0,0.0,0.0,0.0,0.0,1.
998,998-5,0.138,3.0,0.0,0.0,0.0,0.0,1.0,0.0,0.0,0.0,1.
998,998-6,0.139,3.0,0.0,0.0,0.0,0.0,1.0,0.0,0.0,0.0,1.
998,998-7,0.809,38.0,0.0,0.0,0.0,0.0,0.0,0.0,1.0,0.0,1.
998,998-8,-0.391,40.0,0.0,0.0,0.0,0.0,0.0,0.0,0.0,1.0,1.
1452,1452-0,0.109,10.0,0.0,1.0,0.0,0.0,0.0,0.0,0.0,0.0,1.
1452,1452-1,-0.191,16.0,0.0,1.0,0.0,0.0,0.0,0.0,0.0,0.0,1.
1452,1452-2,-0.121,22.0,0.0,1.0,0.0,0.0,0.0,0.0,0.0,0.0,1.
1452,1452-3,0.109,22.0,0.0,1.0,0.0,0.0,0.0,0.0,0.0,0.0,1.
1452,1452-4,-0.091,27.0,0.0,1.0,0.0,0.0,0.0,0.0,0.0,0.0,1.
1452,1452-5,0.009,27.0,0.0,1.0,0.0,0.0,0.0,0.0,0.0,0.0,1.
1452,1452-6,0.059,3.0,0.0,0.0,0.0,0.0,1.0,0.0,0.0,0.0,1.
1452,1452-7,0.109,3.0,0.0,0.0,0.0,0.0,1.0,0.0,0.0,0.0,1.
1452,1452-8,0.139,3.0,0.0,0.0,0.0,0.0,1.0,0.0,0.0,0.0,1.
1452,1452-9,0.808,38.0,0.0,0.0,0.0,0.0,0.0,0.0,1.0,0.0,1.
1452,1452-10,-0.391,40.0,0.0,0.0,0.0,0.0,0.0,0.0,0.0,1.0,1.
1626,1626-0,-0.114,22.0,0.0,1.0,0.0,0.0,0.0,0.0,0.0,0.0,1.
1626,1626-1,0.016,27.0,0.0,1.0,0.0,0.0,0.0,0.0,0.0,0.0,1.
1626,1626-2,0.146,3.0,0.0,0.0,0.0,0.0,1.0,0.0,0.0,0.0,1.
1626,1626-3,0.817,38.0,0.0,0.0,0.0,0.0,0.0,0.0,1.0,0.0,1.
1626,1626-4,-0.384,40.0,0.0,0.0,0.0,0.0,0.0,0.0,0.0,1.0,1.
1626,1626-5,-0.383,40.0,0.0,0.0,0.0,0.0,0.0,0.0,0.0,1.0,1.
738,738-0,-0.115,22.0,0.0,1.0,0.0,0.0,0.0,0.0,0.0,0.0,1.
738,738-1,-0.085,27.0,0.0,1.0,0.0,0.0,0.0,0.0,0.0,0.0,1.
738,738-2,0.015,27.0,0.0,1.0,0.0,0.0,0.0,0.0,0.0,0.0,1.
738,738-3,0.145,3.0,0.0,0.0,0.0,0.0,1.0,0.0,0.0,0.0,1.
738,738-4,0.146,3.0,0.0,0.0,0.0,0.0,1.0,0.0,0.0,0.0,1.
738,738-5,0.816,38.0,0.0,0.0,0.0,0.0,0.0,0.0,1.0,0.0,1.
738,738-6,-0.384,40.0,0.0,0.0,0.0,0.0,0.0,0.0,0.0,1.0,1.
136,136-0,0.108,10.0,0.0,1.0,0.0,0.0,0.0,0.0,0.0,0.0,1.
136,136-1,-0.191,16.0,0.0,1.0,0.0,0.0,0.0,0.0,0.0,0.0,1.
136,136-2,-0.122,22.0,0.0,1.0,0.0,0.0,0.0,0.0,0.0,0.0,1.
136,136-3,0.108,22.0,0.0,1.0,0.0,0.0,0.0,0.0,0.0,0.0,1.
136,136-4,0.058,3.0,0.0,0.0,0.0,0.0,1.0,0.0,0.0,0.0,1.
136,136-5,0.108,3.0,0.0,0.0,0.0,0.0,1.0,0.0,0.0,0.0,1.
136,136-6,0.139,3.0,0.0,0.0,0.0,0.0,1.0,0.0,0.0,0.0,1.
136,136-7,0.809,38.0,0.0,0.0,0.0,0.0,0.0,0.0,1.0,0.0,1.
136,136-8,-0.391,40.0,0.0,0.0,0.0,0.0,0.0,0.0,0.0,1.0,1.
1327,1327-0,0.109,10.0,0.0,1.0,0.0,0.0,0.0,0.0,0.0,0.0,1.
1327,1327-1,-0.191,16.0,0.0,1.0,0.0,0.0,0.0,0.0,0.0,0.0,1.
1327,1327-2,-0.121,22.0,0.0,1.0,0.0,0.0,0.0,0.0,0.0,0.0,1.
1327,1327-3,0.109,22.0,0.0,1.0,0.0,0.0,0.0,0.0,0.0,0.0,1.
1327,1327-4,-0.091,27.0,0.0,1.0,0.0,0.0,0.0,0.0,0.0,0.0,1.
1327,1327-5,0.009,27.0,0.0,1.0,0.0,0.0,0.0,0.0,0.0,0.0,1.
1327,1327-6,0.059,3.0,0.0,0.0,0.0,0.0,1.0,0.0,0.0,0.0,1.
1327,1327-7,0.109,3.0,0.0,0.0,0.0,0.0,1.0,0.0,0.0,0.0,1.
1327,1327-8,0.139,3.0,0.0,0.0,0.0,0.0,1.0,0.0,0.0,0.0,1.
1327,1327-9,0.808,38.0,0.0,0.0,0.0,0.0,0.0,0.0,1.0,0.0,1.
1327,1327-10,-0.391,40.0,0.0,0.0,0.0,0.0,0.0,0.0,0.0,1.0,1.
896,896-0,0.553,14.0,0.0,1.0,0.0,0.0,0.0,0.0,0.0,0.0,1.
896,896-1,-0.128,22.0,0.0,1.0,0.0,0.0,0.0,0.0,0.0,0.0,1.
896,896-2,0.102,22.0,0.0,1.0,0.0,0.0,0.0,0.0,0.0,0.0,1.
896,896-3,0.002,29.0,0.0,1.0,0.0,0.0,0.0,0.0,0.0,0.0,1.
896,896-4,0.132,3.0,0.0,0.0,0.0,0.0,1.0,0.0,0.0,0.0,1.
896,896-5,0.803,38.0,0.0,0.0,0.0,0.0,0.0,0.0,1.0,0.0,1.
896,896-6,-0.547,40.0,0.0,0.0,0.0,0.0,0.0,0.0,0.0,1.0,1.
896,896-7,-0.397,40.0,0.0,0.0,0.0,0.0,0.0,0.0,0.0,1.0,1.
1366,1366-0,-0.116,22.0,0.0,1.0,0.0,0.0,0.0,0.0,0.0,0.0,1.
1366,1366-1,0.014,29.0,0.0,1.0,0.0,0.0,0.0,0.0,0.0,0.0,1.
1366,1366-2,0.144,3.0,0.0,0.0,0.0,0.0,1.0,0.0,0.0,0.0,1.
1366,1366-3,0.813,38.0,0.0,0.0,0.0,0.0,0.0,0.0,1.0,0.0,1.
1366,1366-4,0.814,38.0,0.0,0.0,0.0,0.0,0.0,0.0,1.0,0.0,1.
1366,1366-5,-0.386,40.0,0.0,0.0,0.0,0.0,0.0,0.0,0.0,1.0,1.
1571,1571-0,-0.128,22.0,0.0,1.0,0.0,0.0,0.0,0.0,0.0,0.0,1.
1571,1571-1,0.202,22.0,0.0,1.0,0.0,0.0,0.0,0.0,0.0,0.0,1.
1571,1571-2,0.002,29.0,0.0,1.0,0.0,0.0,0.0,0.0,0.0,0.0,1.
1571,1571-3,0.332,1.0,0.0,0.0,0.0,0.0,1.0,0.0,0.0,0.0,1.
1571,1571-4,0.132,3.0,0.0,0.0,0.0,0.0,1.0,0.0,0.0,0.0,1.
1571,1571-5,-0.779,32.0,0.0,0.0,0.0,0.0,0.0,0.0,1.0,0.0,1.
1571,1571-6,0.801,38.0,0.0,0.0,0.0,0.0,0.0,0.0,1.0,0.0,1.
1571,1571-7,-0.398,40.0,0.0,0.0,0.0,0.0,0.0,0.0,0.0,1.0,1.
1050,1050-0,-0.091,10.0,0.0,1.0,0.0,0.0,0.0,0.0,0.0,0.0,1.
1050,1050-1,-0.122,22.0,0.0,1.0,0.0,0.0,0.0,0.0,0.0,0.0,1.
1050,1050-2,-0.121,22.0,0.0,1.0,0.0,0.0,0.0,0.0,0.0,0.0,1.
1050,1050-3,0.009,22.0,0.0,1.0,0.0,0.0,0.0,0.0,0.0,0.0,1.
1050,1050-4,-0.091,27.0,0.0,1.0,0.0,0.0,0.0,0.0,0.0,0.0,1.
1050,1050-5,0.009,27.0,0.0,1.0,0.0,0.0,0.0,0.0,0.0,0.0,1.
1050,1050-6,0.059,3.0,0.0,0.0,0.0,0.0,1.0,0.0,0.0,0.0,1.
1050,1050-7,0.138,3.0,0.0,0.0,0.0,0.0,1.0,0.0,0.0,0.0,1.
1050,1050-8,0.808,38.0,0.0,0.0,0.0,0.0,0.0,0.0,1.0,0.0,1.
1050,1050-9,-0.392,40.0,0.0,0.0,0.0,0.0,0.0,0.0,0.0,1.0,1.
1227,1227-0,-0.136,22.0,0.0,1.0,0.0,0.0,0.0,0.0,0.0,0.0,1.
1227,1227-1,-0.135,22.0,0.0,1.0,0.0,0.0,0.0,0.0,0.0,0.0,1.
1227,1227-2,0.174,22.0,0.0,1.0,0.0,0.0,0.0,0.0,0.0,0.0,1.
1227,1227-3,0.125,3.0,0.0,0.0,0.0,0.0,1.0,0.0,0.0,0.0,1.
1227,1227-4,0.794,38.0,0.0,0.0,0.0,0.0,0.0,0.0,1.0,0.0,1.
1227,1227-5,-0.406,40.0,0.0,0.0,0.0,0.0,0.0,0.0,0.0,1.0,1.
1227,1227-6,-0.236,50.0,0.0,0.0,0.0,0.0,0.0,0.0,0.0,1.0,1.
14,14-0,-0.197,16.0,0.0,1.0,0.0,0.0,0.0,0.0,0.0,0.0,0.
14,14-1,0.104,16.0,0.0,1.0,0.0,0.0,0.0,0.0,0.0,0.0,0.
14,14-2,-0.126,22.0,0.0,1.0,0.0,0.0,0.0,0.0,0.0,0.0,0.
14,14-3,0.104,22.0,0.0,1.0,0.0,0.0,0.0,0.0,0.0,0.0,0.
14,14-4,0.183,22.0,0.0,1.0,0.0,0.0,0.0,0.0,0.0,0.0,0.
14,14-5,0.104,3.0,0.0,0.0,0.0,0.0,1.0,0.0,0.0,0.0,0.
14,14-6,0.133,3.0,0.0,0.0,0.0,0.0,1.0,0.0,0.0,0.0,0.
14,14-7,0.134,3.0,0.0,0.0,0.0,0.0,1.0,0.0,0.0,0.0,0.
14,14-8,0.803,38.0,0.0,0.0,0.0,0.0,0.0,0.0,1.0,0.0,0.
14,14-9,-0.397,40.0,0.0,0.0,0.0,0.0,0.0,0.0,0.0,1.0,0.
14,14-10,-0.227,50.0,0.0,0.0,0.0,0.0,0.0,0.0,0.0,1.0,0.
1404,1404-0,0.006,10.0,0.0,1.0,0.0,0.0,0.0,0.0,0.0,0.0,0.
1404,1404-1,-0.173,22.0,0.0,1.0,0.0,0.0,0.0,0.0,0.0,0.0,0.
1404,1404-2,-0.124,22.0,0.0,1.0,0.0,0.0,0.0,0.0,0.0,0.0,0.
1404,1404-3,0.006,29.0,0.0,1.0,0.0,0.0,0.0,0.0,0.0,0.0,0.
1404,1404-4,0.056,3.0,0.0,0.0,0.0,0.0,1.0,0.0,0.0,0.0,0.
1404,1404-5,0.136,3.0,0.0,0.0,0.0,0.0,1.0,0.0,0.0,0.0,0.
1404,1404-6,0.137,3.0,0.0,0.0,0.0,0.0,1.0,0.0,0.0,0.0,0.
1404,1404-7,0.807,38.0,0.0,0.0,0.0,0.0,0.0,0.0,1.0,0.0,0.
1404,1404-8,-0.393,40.0,0.0,0.0,0.0,0.0,0.0,0.0,0.0,1.0,0.
1300,1300-0,-0.116,22.0,0.0,1.0,0.0,0.0,0.0,0.0,0.0,0.0,0.
1300,1300-1,0.014,29.0,0.0,1.0,0.0,0.0,0.0,0.0,0.0,0.0,0.
1300,1300-2,0.144,3.0,0.0,0.0,0.0,0.0,1.0,0.0,0.0,0.0,0.
1300,1300-3,0.813,38.0,0.0,0.0,0.0,0.0,0.0,0.0,1.0,0.0,0.
1300,1300-4,0.814,38.0,0.0,0.0,0.0,0.0,0.0,0.0,1.0,0.0,0.
1300,1300-5,-0.386,40.0,0.0,0.0,0.0,0.0,0.0,0.0,0.0,1.0,0.
1733,1733-0,-0.094,22.0,0.0,1.0,0.0,0.0,0.0,0.0,0.0,0.0,0.
1733,1733-1,0.215,22.0,0.0,1.0,0.0,0.0,0.0,0.0,0.0,0.0,0.
1733,1733-2,0.216,22.0,0.0,1.0,0.0,0.0,0.0,0.0,0.0,0.0,0.
1733,1733-3,-0.164,93.0,0.0,0.0,1.0,0.0,0.0,0.0,0.0,0.0,0.
1733,1733-4,0.166,3.0,0.0,0.0,0.0,0.0,1.0,0.0,0.0,0.0,0.
1733,1733-5,0.835,38.0,0.0,0.0,0.0,0.0,0.0,0.0,1.0,0.0,0.
1733,1733-6,-0.365,40.0,0.0,0.0,0.0,0.0,0.0,0.0,0.0,1.0,0.
1733,1733-7,-0.194,50.0,0.0,0.0,0.0,0.0,0.0,0.0,0.0,1.0,0.
367,367-0,0.113,10.0,0.0,1.0,0.0,0.0,0.0,0.0,0.0,0.0,0.
367,367-1,-0.107,21.0,0.0,1.0,0.0,0.0,0.0,0.0,0.0,0.0,0.
367,367-2,-0.107,22.0,0.0,1.0,0.0,0.0,0.0,0.0,0.0,0.0,0.
367,367-3,0.123,26.0,0.0,1.0,0.0,0.0,0.0,0.0,0.0,0.0,0.
367,367-4,0.323,26.0,0.0,1.0,0.0,0.0,0.0,0.0,0.0,0.0,0.
367,367-5,0.073,3.0,0.0,0.0,0.0,0.0,1.0,0.0,0.0,0.0,0.
367,367-6,0.123,3.0,0.0,0.0,0.0,0.0,1.0,0.0,0.0,0.0,0.
367,367-7,0.153,3.0,0.0,0.0,0.0,0.0,1.0,0.0,0.0,0.0,0.
367,367-8,-0.517,34.0,0.0,0.0,0.0,0.0,0.0,0.0,1.0,0.0,0.
367,367-9,-0.377,34.0,0.0,0.0,0.0,0.0,0.0,0.0,1.0,0.0,0.
367,367-10,0.823,38.0,0.0,0.0,0.0,0.0,0.0,0.0,1.0,0.0,0.
367,367-11,-0.377,40.0,0.0,0.0,0.0,0.0,0.0,0.0,0.0,1.0,0.
734,734-0,-0.128,22.0,0.0,1.0,0.0,0.0,0.0,0.0,0.0,0.0,0.
734,734-1,0.202,22.0,0.0,1.0,0.0,0.0,0.0,0.0,0.0,0.0,0.
734,734-2,0.002,29.0,0.0,1.0,0.0,0.0,0.0,0.0,0.0,0.0,0.
734,734-3,0.332,1.0,0.0,0.0,0.0,0.0,1.0,0.0,0.0,0.0,0.
734,734-4,0.132,3.0,0.0,0.0,0.0,0.0,1.0,0.0,0.0,0.0,0.
734,734-5,-0.779,32.0,0.0,0.0,0.0,0.0,0.0,0.0,1.0,0.0,0.
734,734-6,0.801,38.0,0.0,0.0,0.0,0.0,0.0,0.0,1.0,0.0,0.
734,734-7,-0.398,40.0,0.0,0.0,0.0,0.0,0.0,0.0,0.0,1.0,0.
909,909-0,0.238,14.0,0.0,1.0,0.0,0.0,0.0,0.0,0.0,0.0,0.
909,909-1,-0.122,22.0,0.0,1.0,0.0,0.0,0.0,0.0,0.0,0.0,0.
909,909-2,0.008,22.0,0.0,1.0,0.0,0.0,0.0,0.0,0.0,0.0,0.
909,909-3,0.138,3.0,0.0,0.0,0.0,0.0,1.0,0.0,0.0,0.0,0.
909,909-4,0.208,3.0,0.0,0.0,0.0,0.0,1.0,0.0,0.0,0.0,0.
909,909-5,0.809,38.0,0.0,0.0,0.0,0.0,0.0,0.0,1.0,0.0,0.
909,909-6,-0.392,40.0,0.0,0.0,0.0,0.0,0.0,0.0,0.0,1.0,0.
909,909-7,-0.421,41.0,0.0,0.0,0.0,0.0,0.0,0.0,0.0,1.0,0.
947,947-0,-0.08,21.0,0.0,1.0,0.0,0.0,0.0,0.0,0.0,0.0,1.
947,947-1,-0.11,22.0,0.0,1.0,0.0,0.0,0.0,0.0,0.0,0.0,1.
947,947-2,-0.08,26.0,0.0,1.0,0.0,0.0,0.0,0.0,0.0,0.0,1.
947,947-3,-0.08,27.0,0.0,1.0,0.0,0.0,0.0,0.0,0.0,0.0,1.
947,947-4,0.02,27.0,0.0,1.0,0.0,0.0,0.0,0.0,0.0,0.0,1.
947,947-5,0.119,3.0,0.0,0.0,0.0,0.0,1.0,0.0,0.0,0.0,1.
947,947-6,0.149,3.0,0.0,0.0,0.0,0.0,1.0,0.0,0.0,0.0,1.
947,947-7,0.819,38.0,0.0,0.0,0.0,0.0,0.0,0.0,1.0,0.0,1.
947,947-8,-0.381,40.0,0.0,0.0,0.0,0.0,0.0,0.0,0.0,1.0,1.
111,111-0,-0.118,22.0,0.0,1.0,0.0,0.0,0.0,0.0,0.0,0.0,1.
111,111-1,-0.088,27.0,0.0,1.0,0.0,0.0,0.0,0.0,0.0,0.0,1.
111,111-2,0.012,27.0,0.0,1.0,0.0,0.0,0.0,0.0,0.0,0.0,1.
111,111-3,0.012,28.0,0.0,1.0,0.0,0.0,0.0,0.0,0.0,0.0,1.
111,111-4,0.012,29.0,0.0,1.0,0.0,0.0,0.0,0.0,0.0,0.0,1.
111,111-5,0.142,3.0,0.0,0.0,0.0,0.0,1.0,0.0,0.0,0.0,1.
111,111-6,0.812,38.0,0.0,0.0,0.0,0.0,0.0,0.0,1.0,0.0,1.
111,111-7,-0.388,40.0,0.0,0.0,0.0,0.0,0.0,0.0,0.0,1.0,1.
521,521-0,0.012,10.0,0.0,1.0,0.0,0.0,0.0,0.0,0.0,0.0,1.
521,521-1,-0.118,22.0,0.0,1.0,0.0,0.0,0.0,0.0,0.0,0.0,1.
521,521-2,0.012,29.0,0.0,1.0,0.0,0.0,0.0,0.0,0.0,0.0,1.
521,521-3,0.062,3.0,0.0,0.0,0.0,0.0,1.0,0.0,0.0,0.0,1.
521,521-4,0.141,3.0,0.0,0.0,0.0,0.0,1.0,0.0,0.0,0.0,1.
521,521-5,0.811,38.0,0.0,0.0,0.0,0.0,0.0,0.0,1.0,0.0,1.
521,521-6,-0.389,40.0,0.0,0.0,0.0,0.0,0.0,0.0,0.0,1.0,1.
252,252-0,0.031,10.0,0.0,1.0,0.0,0.0,0.0,0.0,0.0,0.0,1.
252,252-1,-0.099,22.0,0.0,1.0,0.0,0.0,0.0,0.0,0.0,0.0,1.
252,252-2,0.031,27.0,0.0,1.0,0.0,0.0,0.0,0.0,0.0,0.0,1.
252,252-3,-0.069,195.0,0.0,1.0,0.0,0.0,0.0,0.0,0.0,0.0,1.
252,252-4,0.081,3.0,0.0,0.0,0.0,0.0,1.0,0.0,0.0,0.0,1.
252,252-5,0.161,3.0,0.0,0.0,0.0,0.0,1.0,0.0,0.0,0.0,1.
252,252-6,0.431,8.0,0.0,0.0,0.0,0.0,1.0,0.0,0.0,0.0,1.
252,252-7,0.83,38.0,0.0,0.0,0.0,0.0,0.0,0.0,1.0,0.0,1.
252,252-8,-0.369,40.0,0.0,0.0,0.0,0.0,0.0,0.0,0.0,1.0,1.
252,252-9,-0.62,45.0,0.0,0.0,0.0,0.0,0.0,0.0,0.0,1.0,1.
252,252-10,-0.619,45.0,0.0,0.0,0.0,0.0,0.0,0.0,0.0,1.0,1.
1040,1040-0,-0.118,22.0,0.0,1.0,0.0,0.0,0.0,0.0,0.0,0.0,1.
1040,1040-1,-0.088,27.0,0.0,1.0,0.0,0.0,0.0,0.0,0.0,0.0,1.
1040,1040-2,0.012,27.0,0.0,1.0,0.0,0.0,0.0,0.0,0.0,0.0,1.
1040,1040-3,0.141,3.0,0.0,0.0,0.0,0.0,1.0,0.0,0.0,0.0,1.
1040,1040-4,0.142,3.0,0.0,0.0,0.0,0.0,1.0,0.0,0.0,0.0,1.
1040,1040-5,0.811,38.0,0.0,0.0,0.0,0.0,0.0,0.0,1.0,0.0,1.
1040,1040-6,-0.389,40.0,0.0,0.0,0.0,0.0,0.0,0.0,0.0,1.0,1.
166,166-0,-0.083,10.0,0.0,1.0,0.0,0.0,0.0,0.0,0.0,0.0,1.
166,166-1,0.017,10.0,0.0,1.0,0.0,0.0,0.0,0.0,0.0,0.0,1.
166,166-2,0.206,10.0,0.0,1.0,0.0,0.0,0.0,0.0,0.0,0.0,1.
166,166-3,-0.114,22.0,0.0,1.0,0.0,0.0,0.0,0.0,0.0,0.0,1.
166,166-4,-0.113,22.0,0.0,1.0,0.0,0.0,0.0,0.0,0.0,0.0,1.
166,166-5,0.017,22.0,0.0,1.0,0.0,0.0,0.0,0.0,0.0,0.0,1.
166,166-6,-0.083,27.0,0.0,1.0,0.0,0.0,0.0,0.0,0.0,0.0,1.
166,166-7,0.017,27.0,0.0,1.0,0.0,0.0,0.0,0.0,0.0,0.0,1.
166,166-8,0.067,3.0,0.0,0.0,0.0,0.0,1.0,0.0,0.0,0.0,1.
166,166-9,0.077,3.0,0.0,0.0,0.0,0.0,1.0,0.0,0.0,0.0,1.
166,166-10,0.146,3.0,0.0,0.0,0.0,0.0,1.0,0.0,0.0,0.0,1.
166,166-11,0.416,8.0,0.0,0.0,0.0,0.0,1.0,0.0,0.0,0.0,1.
166,166-12,0.816,38.0,0.0,0.0,0.0,0.0,0.0,0.0,1.0,0.0,1.
166,166-13,-0.385,40.0,0.0,0.0,0.0,0.0,0.0,0.0,0.0,1.0,1.
166,166-14,-0.634,45.0,0.0,0.0,0.0,0.0,0.0,0.0,0.0,1.0,1.
1258,1258-0,-0.114,22.0,0.0,1.0,0.0,0.0,0.0,0.0,0.0,0.0,1.
1258,1258-1,0.146,3.0,0.0,0.0,0.0,0.0,1.0,0.0,0.0,0.0,1.
1258,1258-2,0.817,38.0,0.0,0.0,0.0,0.0,0.0,0.0,1.0,0.0,1.
1258,1258-3,-0.384,40.0,0.0,0.0,0.0,0.0,0.0,0.0,0.0,1.0,1.
1258,1258-4,-0.383,40.0,0.0,0.0,0.0,0.0,0.0,0.0,0.0,1.0,1.
1710,1710-0,-0.089,10.0,0.0,1.0,0.0,0.0,0.0,0.0,0.0,0.0,1.
1710,1710-1,-0.119,22.0,0.0,1.0,0.0,0.0,0.0,0.0,0.0,0.0,1.
1710,1710-2,0.011,22.0,0.0,1.0,0.0,0.0,0.0,0.0,0.0,0.0,1.
1710,1710-3,-0.089,27.0,0.0,1.0,0.0,0.0,0.0,0.0,0.0,0.0,1.
1710,1710-4,0.011,27.0,0.0,1.0,0.0,0.0,0.0,0.0,0.0,0.0,1.
1710,1710-5,-0.089,195.0,0.0,1.0,0.0,0.0,0.0,0.0,0.0,0.0,1.
1710,1710-6,0.011,195.0,0.0,1.0,0.0,0.0,0.0,0.0,0.0,0.0,1.
1710,1710-7,0.061,3.0,0.0,0.0,0.0,0.0,1.0,0.0,0.0,0.0,1.
1710,1710-8,0.141,3.0,0.0,0.0,0.0,0.0,1.0,0.0,0.0,0.0,1.
1710,1710-9,0.811,38.0,0.0,0.0,0.0,0.0,0.0,0.0,1.0,0.0,1.
1710,1710-10,-0.389,40.0,0.0,0.0,0.0,0.0,0.0,0.0,0.0,1.0,1.
1762,1762-0,0.016,10.0,0.0,1.0,0.0,0.0,0.0,0.0,0.0,0.0,1.
1762,1762-1,-0.114,22.0,0.0,1.0,0.0,0.0,0.0,0.0,0.0,0.0,1.
1762,1762-2,0.016,29.0,0.0,1.0,0.0,0.0,0.0,0.0,0.0,0.0,1.
1762,1762-3,0.066,3.0,0.0,0.0,0.0,0.0,1.0,0.0,0.0,0.0,1.
1762,1762-4,0.145,3.0,0.0,0.0,0.0,0.0,1.0,0.0,0.0,0.0,1.
1762,1762-5,0.815,38.0,0.0,0.0,0.0,0.0,0.0,0.0,1.0,0.0,1.
1762,1762-6,-0.385,40.0,0.0,0.0,0.0,0.0,0.0,0.0,0.0,1.0,1.
1004,1004-0,-0.113,22.0,0.0,1.0,0.0,0.0,0.0,0.0,0.0,0.0,1.
1004,1004-1,-0.083,27.0,0.0,1.0,0.0,0.0,0.0,0.0,0.0,0.0,1.
1004,1004-2,0.017,27.0,0.0,1.0,0.0,0.0,0.0,0.0,0.0,0.0,1.
1004,1004-3,-0.083,195.0,0.0,1.0,0.0,0.0,0.0,0.0,0.0,0.0,1.
1004,1004-4,0.146,3.0,0.0,0.0,0.0,0.0,1.0,0.0,0.0,0.0,1.
1004,1004-5,0.816,38.0,0.0,0.0,0.0,0.0,0.0,0.0,1.0,0.0,1.
1004,1004-6,-0.384,40.0,0.0,0.0,0.0,0.0,0.0,0.0,0.0,1.0,1.
895,895-0,-0.118,22.0,0.0,1.0,0.0,0.0,0.0,0.0,0.0,0.0,1.
895,895-1,-0.088,27.0,0.0,1.0,0.0,0.0,0.0,0.0,0.0,0.0,1.
895,895-2,0.012,27.0,0.0,1.0,0.0,0.0,0.0,0.0,0.0,0.0,1.
895,895-3,0.012,28.0,0.0,1.0,0.0,0.0,0.0,0.0,0.0,0.0,1.
895,895-4,0.012,29.0,0.0,1.0,0.0,0.0,0.0,0.0,0.0,0.0,1.
895,895-5,0.142,3.0,0.0,0.0,0.0,0.0,1.0,0.0,0.0,0.0,1.
895,895-6,0.812,38.0,0.0,0.0,0.0,0.0,0.0,0.0,1.0,0.0,1.
895,895-7,-0.388,40.0,0.0,0.0,0.0,0.0,0.0,0.0,0.0,1.0,1.
534,534-0,-0.114,22.0,0.0,1.0,0.0,0.0,0.0,0.0,0.0,0.0,1.
534,534-1,-0.084,27.0,0.0,1.0,0.0,0.0,0.0,0.0,0.0,0.0,1.
534,534-2,0.016,27.0,0.0,1.0,0.0,0.0,0.0,0.0,0.0,0.0,1.
534,534-3,-0.084,195.0,0.0,1.0,0.0,0.0,0.0,0.0,0.0,0.0,1.
534,534-4,0.145,3.0,0.0,0.0,0.0,0.0,1.0,0.0,0.0,0.0,1.
534,534-5,0.815,38.0,0.0,0.0,0.0,0.0,0.0,0.0,1.0,0.0,1.
534,534-6,-0.385,40.0,0.0,0.0,0.0,0.0,0.0,0.0,0.0,1.0,1.
1802,1802-0,-0.137,22.0,0.0,1.0,0.0,0.0,0.0,0.0,0.0,0.0,0.
1802,1802-1,0.193,22.0,0.0,1.0,0.0,0.0,0.0,0.0,0.0,0.0,0.
1802,1802-2,-0.007,29.0,0.0,1.0,0.0,0.0,0.0,0.0,0.0,0.0,0.
1802,1802-3,0.293,1.0,0.0,0.0,0.0,0.0,1.0,0.0,0.0,0.0,0.
1802,1802-4,0.123,3.0,0.0,0.0,0.0,0.0,1.0,0.0,0.0,0.0,0.
1802,1802-5,-0.408,32.0,0.0,0.0,0.0,0.0,0.0,0.0,1.0,0.0,0.
1802,1802-6,0.792,38.0,0.0,0.0,0.0,0.0,0.0,0.0,1.0,0.0,0.
1802,1802-7,-0.407,40.0,0.0,0.0,0.0,0.0,0.0,0.0,0.0,1.0,0.
1551,1551-0,-0.121,22.0,0.0,1.0,0.0,0.0,0.0,0.0,0.0,0.0,0.
1551,1551-1,0.31,22.0,0.0,1.0,0.0,0.0,0.0,0.0,0.0,0.0,0.
1551,1551-2,-0.291,92.0,0.0,0.0,0.0,1.0,0.0,0.0,0.0,0.0,0.
1551,1551-3,0.139,3.0,0.0,0.0,0.0,0.0,1.0,0.0,0.0,0.0,0.
1551,1551-4,0.81,38.0,0.0,0.0,0.0,0.0,0.0,0.0,1.0,0.0,0.
1551,1551-5,-0.39,40.0,0.0,0.0,0.0,0.0,0.0,0.0,0.0,1.0,0.
435,435-0,-0.097,22.0,0.0,1.0,0.0,0.0,0.0,0.0,0.0,0.0,0.
435,435-1,0.282,22.0,0.0,1.0,0.0,0.0,0.0,0.0,0.0,0.0,0.
435,435-2,-0.067,27.0,0.0,1.0,0.0,0.0,0.0,0.0,0.0,0.0,0.
435,435-3,0.033,27.0,0.0,1.0,0.0,0.0,0.0,0.0,0.0,0.0,0.
435,435-4,0.162,3.0,0.0,0.0,0.0,0.0,1.0,0.0,0.0,0.0,0.
435,435-5,0.163,3.0,0.0,0.0,0.0,0.0,1.0,0.0,0.0,0.0,0.
435,435-6,-0.738,35.0,0.0,0.0,0.0,0.0,0.0,0.0,1.0,0.0,0.
435,435-7,0.832,38.0,0.0,0.0,0.0,0.0,0.0,0.0,1.0,0.0,0.
435,435-8,-0.368,40.0,0.0,0.0,0.0,0.0,0.0,0.0,0.0,1.0,0.
396,396-0,-0.097,22.0,0.0,1.0,0.0,0.0,0.0,0.0,0.0,0.0,0.
396,396-1,-0.167,93.0,0.0,0.0,1.0,0.0,0.0,0.0,0.0,0.0,0.
396,396-2,0.163,3.0,0.0,0.0,0.0,0.0,1.0,0.0,0.0,0.0,0.
396,396-3,0.832,38.0,0.0,0.0,0.0,0.0,0.0,0.0,1.0,0.0,0.
396,396-4,-0.368,40.0,0.0,0.0,0.0,0.0,0.0,0.0,0.0,1.0,0.
396,396-5,-0.367,40.0,0.0,0.0,0.0,0.0,0.0,0.0,0.0,1.0,0.
1564,1564-0,-0.128,22.0,0.0,1.0,0.0,0.0,0.0,0.0,0.0,0.0,0.
1564,1564-1,0.202,22.0,0.0,1.0,0.0,0.0,0.0,0.0,0.0,0.0,0.
1564,1564-2,0.002,29.0,0.0,1.0,0.0,0.0,0.0,0.0,0.0,0.0,0.
1564,1564-3,0.332,1.0,0.0,0.0,0.0,0.0,1.0,0.0,0.0,0.0,0.
1564,1564-4,0.132,3.0,0.0,0.0,0.0,0.0,1.0,0.0,0.0,0.0,0.
1564,1564-5,-0.779,32.0,0.0,0.0,0.0,0.0,0.0,0.0,1.0,0.0,0.
1564,1564-6,0.801,38.0,0.0,0.0,0.0,0.0,0.0,0.0,1.0,0.0,0.
1564,1564-7,-0.398,40.0,0.0,0.0,0.0,0.0,0.0,0.0,0.0,1.0,0.
1332,1332-0,-0.128,22.0,0.0,1.0,0.0,0.0,0.0,0.0,0.0,0.0,0.
1332,1332-1,0.202,22.0,0.0,1.0,0.0,0.0,0.0,0.0,0.0,0.0,0.
1332,1332-2,0.002,29.0,0.0,1.0,0.0,0.0,0.0,0.0,0.0,0.0,0.
1332,1332-3,0.332,1.0,0.0,0.0,0.0,0.0,1.0,0.0,0.0,0.0,0.
1332,1332-4,0.132,3.0,0.0,0.0,0.0,0.0,1.0,0.0,0.0,0.0,0.
1332,1332-5,-0.779,32.0,0.0,0.0,0.0,0.0,0.0,0.0,1.0,0.0,0.
1332,1332-6,0.801,38.0,0.0,0.0,0.0,0.0,0.0,0.0,1.0,0.0,0.
1332,1332-7,-0.398,40.0,0.0,0.0,0.0,0.0,0.0,0.0,0.0,1.0,0.
765,765-0,-0.114,22.0,0.0,1.0,0.0,0.0,0.0,0.0,0.0,0.0,0.
765,765-1,0.316,22.0,0.0,1.0,0.0,0.0,0.0,0.0,0.0,0.0,0.
765,765-2,-0.284,92.0,0.0,0.0,0.0,1.0,0.0,0.0,0.0,0.0,0.
765,765-3,0.146,3.0,0.0,0.0,0.0,0.0,1.0,0.0,0.0,0.0,0.
765,765-4,0.817,38.0,0.0,0.0,0.0,0.0,0.0,0.0,1.0,0.0,0.
765,765-5,-0.384,40.0,0.0,0.0,0.0,0.0,0.0,0.0,0.0,1.0,0.
765,765-6,-0.383,40.0,0.0,0.0,0.0,0.0,0.0,0.0,0.0,1.0,0.
1471,1471-0,-0.119,22.0,0.0,1.0,0.0,0.0,0.0,0.0,0.0,0.0,1.
1471,1471-1,0.262,22.0,0.0,1.0,0.0,0.0,0.0,0.0,0.0,0.0,1.
1471,1471-2,-0.089,27.0,0.0,1.0,0.0,0.0,0.0,0.0,0.0,0.0,1.
1471,1471-3,0.011,27.0,0.0,1.0,0.0,0.0,0.0,0.0,0.0,0.0,1.
1471,1471-4,0.141,3.0,0.0,0.0,0.0,0.0,1.0,0.0,0.0,0.0,1.
1471,1471-5,0.142,3.0,0.0,0.0,0.0,0.0,1.0,0.0,0.0,0.0,1.
1471,1471-6,0.412,8.0,0.0,0.0,0.0,0.0,1.0,0.0,0.0,0.0,1.
1471,1471-7,0.812,38.0,0.0,0.0,0.0,0.0,0.0,0.0,1.0,0.0,1.
1471,1471-8,-0.388,40.0,0.0,0.0,0.0,0.0,0.0,0.0,0.0,1.0,1.
1471,1471-9,-0.638,45.0,0.0,0.0,0.0,0.0,0.0,0.0,0.0,1.0,1.
1478,1478-0,-0.115,21.0,0.0,1.0,0.0,0.0,0.0,0.0,0.0,0.0,1.
1478,1478-1,-0.115,22.0,0.0,1.0,0.0,0.0,0.0,0.0,0.0,0.0,1.
1478,1478-2,0.115,26.0,0.0,1.0,0.0,0.0,0.0,0.0,0.0,0.0,1.
1478,1478-3,0.315,26.0,0.0,1.0,0.0,0.0,0.0,0.0,0.0,0.0,1.
1478,1478-4,0.315,1.0,0.0,0.0,0.0,0.0,1.0,0.0,0.0,0.0,1.
1478,1478-5,0.115,3.0,0.0,0.0,0.0,0.0,1.0,0.0,0.0,0.0,1.
1478,1478-6,0.145,3.0,0.0,0.0,0.0,0.0,1.0,0.0,0.0,0.0,1.
1478,1478-7,-0.384,34.0,0.0,0.0,0.0,0.0,0.0,0.0,1.0,0.0,1.
1478,1478-8,0.816,38.0,0.0,0.0,0.0,0.0,0.0,0.0,1.0,0.0,1.
1478,1478-9,-0.384,40.0,0.0,0.0,0.0,0.0,0.0,0.0,0.0,1.0,1.
578,578-0,-0.091,10.0,0.0,1.0,0.0,0.0,0.0,0.0,0.0,0.0,1.
578,578-1,-0.122,22.0,0.0,1.0,0.0,0.0,0.0,0.0,0.0,0.0,1.
578,578-2,-0.121,22.0,0.0,1.0,0.0,0.0,0.0,0.0,0.0,0.0,1.
578,578-3,0.009,22.0,0.0,1.0,0.0,0.0,0.0,0.0,0.0,0.0,1.
578,578-4,-0.091,27.0,0.0,1.0,0.0,0.0,0.0,0.0,0.0,0.0,1.
578,578-5,0.009,27.0,0.0,1.0,0.0,0.0,0.0,0.0,0.0,0.0,1.
578,578-6,0.059,3.0,0.0,0.0,0.0,0.0,1.0,0.0,0.0,0.0,1.
578,578-7,0.138,3.0,0.0,0.0,0.0,0.0,1.0,0.0,0.0,0.0,1.
578,578-8,0.808,38.0,0.0,0.0,0.0,0.0,0.0,0.0,1.0,0.0,1.
578,578-9,-0.392,40.0,0.0,0.0,0.0,0.0,0.0,0.0,0.0,1.0,1.
1289,1289-0,0.005,10.0,0.0,1.0,0.0,0.0,0.0,0.0,0.0,0.0,1.
1289,1289-1,0.706,14.0,0.0,1.0,0.0,0.0,0.0,0.0,0.0,0.0,1.
1289,1289-2,-0.125,22.0,0.0,1.0,0.0,0.0,0.0,0.0,0.0,0.0,1.
1289,1289-3,0.256,22.0,0.0,1.0,0.0,0.0,0.0,0.0,0.0,0.0,1.
1289,1289-4,-0.095,27.0,0.0,1.0,0.0,0.0,0.0,0.0,0.0,0.0,1.
1289,1289-5,0.005,27.0,0.0,1.0,0.0,0.0,0.0,0.0,0.0,0.0,1.
1289,1289-6,0.055,3.0,0.0,0.0,0.0,0.0,1.0,0.0,0.0,0.0,1.
1289,1289-7,0.135,3.0,0.0,0.0,0.0,0.0,1.0,0.0,0.0,0.0,1.
1289,1289-8,0.136,3.0,0.0,0.0,0.0,0.0,1.0,0.0,0.0,0.0,1.
1289,1289-9,0.806,38.0,0.0,0.0,0.0,0.0,0.0,0.0,1.0,0.0,1.
1289,1289-10,-0.394,40.0,0.0,0.0,0.0,0.0,0.0,0.0,0.0,1.0,1.
1289,1289-11,-0.394,49.0,0.0,0.0,0.0,0.0,0.0,0.0,0.0,1.0,1.
1289,1289-12,-0.544,51.0,0.0,0.0,0.0,0.0,0.0,0.0,0.0,1.0,1.
639,639-0,-0.142,22.0,0.0,1.0,0.0,0.0,0.0,0.0,0.0,0.0,1.
639,639-1,0.188,22.0,0.0,1.0,0.0,0.0,0.0,0.0,0.0,0.0,1.
639,639-2,0.288,1.0,0.0,0.0,0.0,0.0,1.0,0.0,0.0,0.0,1.
639,639-3,0.118,3.0,0.0,0.0,0.0,0.0,1.0,0.0,0.0,0.0,1.
639,639-4,-0.412,32.0,0.0,0.0,0.0,0.0,0.0,0.0,1.0,0.0,1.
639,639-5,0.787,38.0,0.0,0.0,0.0,0.0,0.0,0.0,1.0,0.0,1.
639,639-6,-0.413,40.0,0.0,0.0,0.0,0.0,0.0,0.0,0.0,1.0,1.
639,639-7,-0.412,40.0,0.0,0.0,0.0,0.0,0.0,0.0,0.0,1.0,1.
733,733-0,-0.108,22.0,0.0,1.0,0.0,0.0,0.0,0.0,0.0,0.0,1.
733,733-1,0.202,22.0,0.0,1.0,0.0,0.0,0.0,0.0,0.0,0.0,1.
733,733-2,-0.178,93.0,0.0,0.0,1.0,0.0,0.0,0.0,0.0,0.0,1.
733,733-3,0.152,3.0,0.0,0.0,0.0,0.0,1.0,0.0,0.0,0.0,1.
733,733-4,0.823,38.0,0.0,0.0,0.0,0.0,0.0,0.0,1.0,0.0,1.
733,733-5,-0.378,40.0,0.0,0.0,0.0,0.0,0.0,0.0,0.0,1.0,1.
733,733-6,-0.377,40.0,0.0,0.0,0.0,0.0,0.0,0.0,0.0,1.0,1.
733,733-7,-0.208,50.0,0.0,0.0,0.0,0.0,0.0,0.0,0.0,1.0,1.
459,459-0,-0.126,22.0,0.0,1.0,0.0,0.0,0.0,0.0,0.0,0.0,1.
459,459-1,0.004,29.0,0.0,1.0,0.0,0.0,0.0,0.0,0.0,0.0,1.
459,459-2,0.004,194.0,0.0,1.0,0.0,0.0,0.0,0.0,0.0,0.0,1.
459,459-3,0.134,3.0,0.0,0.0,0.0,0.0,1.0,0.0,0.0,0.0,1.
459,459-4,0.805,38.0,0.0,0.0,0.0,0.0,0.0,0.0,1.0,0.0,1.
459,459-5,-0.396,40.0,0.0,0.0,0.0,0.0,0.0,0.0,0.0,1.0,1.
459,459-6,-0.395,40.0,0.0,0.0,0.0,0.0,0.0,0.0,0.0,1.0,1.
682,682-0,-0.123,22.0,0.0,1.0,0.0,0.0,0.0,0.0,0.0,0.0,1.
682,682-1,-0.093,27.0,0.0,1.0,0.0,0.0,0.0,0.0,0.0,0.0,1.
682,682-2,0.007,27.0,0.0,1.0,0.0,0.0,0.0,0.0,0.0,0.0,1.
682,682-3,0.007,28.0,0.0,1.0,0.0,0.0,0.0,0.0,0.0,0.0,1.
682,682-4,0.007,29.0,0.0,1.0,0.0,0.0,0.0,0.0,0.0,0.0,1.
682,682-5,0.136,3.0,0.0,0.0,0.0,0.0,1.0,0.0,0.0,0.0,1.
682,682-6,0.137,3.0,0.0,0.0,0.0,0.0,1.0,0.0,0.0,0.0,1.
682,682-7,0.806,38.0,0.0,0.0,0.0,0.0,0.0,0.0,1.0,0.0,1.
682,682-8,-0.394,40.0,0.0,0.0,0.0,0.0,0.0,0.0,0.0,1.0,1.
1543,1543-0,-0.144,10.0,0.0,1.0,0.0,0.0,0.0,0.0,0.0,0.0,1.
1543,1543-1,0.006,10.0,0.0,1.0,0.0,0.0,0.0,0.0,0.0,0.0,1.
1543,1543-2,0.605,14.0,0.0,1.0,0.0,0.0,0.0,0.0,0.0,0.0,1.
1543,1543-3,-0.124,22.0,0.0,1.0,0.0,0.0,0.0,0.0,0.0,0.0,1.
1543,1543-4,0.206,22.0,0.0,1.0,0.0,0.0,0.0,0.0,0.0,0.0,1.
1543,1543-5,0.006,29.0,0.0,1.0,0.0,0.0,0.0,0.0,0.0,0.0,1.
1543,1543-6,0.256,1.0,0.0,0.0,0.0,0.0,1.0,0.0,0.0,0.0,1.
1543,1543-7,0.056,3.0,0.0,0.0,0.0,0.0,1.0,0.0,0.0,0.0,1.
1543,1543-8,0.136,3.0,0.0,0.0,0.0,0.0,1.0,0.0,0.0,0.0,1.
1543,1543-9,-0.394,32.0,0.0,0.0,0.0,0.0,0.0,0.0,1.0,0.0,1.
1543,1543-10,0.805,38.0,0.0,0.0,0.0,0.0,0.0,0.0,1.0,0.0,1.
1543,1543-11,-0.544,40.0,0.0,0.0,0.0,0.0,0.0,0.0,0.0,1.0,1.
1543,1543-12,-0.394,40.0,0.0,0.0,0.0,0.0,0.0,0.0,0.0,1.0,1.
817,817-0,-0.109,22.0,0.0,1.0,0.0,0.0,0.0,0.0,0.0,0.0,1.
817,817-1,-0.108,22.0,0.0,1.0,0.0,0.0,0.0,0.0,0.0,0.0,1.
817,817-2,-0.079,27.0,0.0,1.0,0.0,0.0,0.0,0.0,0.0,0.0,1.
817,817-3,0.021,27.0,0.0,1.0,0.0,0.0,0.0,0.0,0.0,0.0,1.
817,817-4,-0.079,195.0,0.0,1.0,0.0,0.0,0.0,0.0,0.0,0.0,1.
817,817-5,0.152,3.0,0.0,0.0,0.0,0.0,1.0,0.0,0.0,0.0,1.
817,817-6,0.822,38.0,0.0,0.0,0.0,0.0,0.0,0.0,1.0,0.0,1.
817,817-7,-0.378,40.0,0.0,0.0,0.0,0.0,0.0,0.0,0.0,1.0,1.
1646,1646-0,-0.106,22.0,0.0,1.0,0.0,0.0,0.0,0.0,0.0,0.0,1.
1646,1646-1,-0.076,27.0,0.0,1.0,0.0,0.0,0.0,0.0,0.0,0.0,1.
1646,1646-2,0.024,27.0,0.0,1.0,0.0,0.0,0.0,0.0,0.0,0.0,1.
1646,1646-3,-0.076,195.0,0.0,1.0,0.0,0.0,0.0,0.0,0.0,0.0,1.
1646,1646-4,0.154,3.0,0.0,0.0,0.0,0.0,1.0,0.0,0.0,0.0,1.
1646,1646-5,0.823,38.0,0.0,0.0,0.0,0.0,0.0,0.0,1.0,0.0,1.
1646,1646-6,-0.377,40.0,0.0,0.0,0.0,0.0,0.0,0.0,0.0,1.0,1.
1646,1646-7,-0.376,40.0,0.0,0.0,0.0,0.0,0.0,0.0,0.0,1.0,1.
1532,1532-0,-0.093,22.0,0.0,1.0,0.0,0.0,0.0,0.0,0.0,0.0,1.
1532,1532-1,-0.163,93.0,0.0,0.0,1.0,0.0,0.0,0.0,0.0,0.0,1.
1532,1532-2,0.167,3.0,0.0,0.0,0.0,0.0,1.0,0.0,0.0,0.0,1.
1532,1532-3,0.836,38.0,0.0,0.0,0.0,0.0,0.0,0.0,1.0,0.0,1.
1532,1532-4,-0.363,40.0,0.0,0.0,0.0,0.0,0.0,0.0,0.0,1.0,1.
919,919-0,-0.132,22.0,0.0,1.0,0.0,0.0,0.0,0.0,0.0,0.0,0.
919,919-1,0.198,22.0,0.0,1.0,0.0,0.0,0.0,0.0,0.0,0.0,0.
919,919-2,0.328,1.0,0.0,0.0,0.0,0.0,1.0,0.0,0.0,0.0,0.
919,919-3,0.329,1.0,0.0,0.0,0.0,0.0,1.0,0.0,0.0,0.0,0.
919,919-4,0.128,3.0,0.0,0.0,0.0,0.0,1.0,0.0,0.0,0.0,0.
919,919-5,-0.781,32.0,0.0,0.0,0.0,0.0,0.0,0.0,1.0,0.0,0.
919,919-6,0.799,38.0,0.0,0.0,0.0,0.0,0.0,0.0,1.0,0.0,0.
919,919-7,-0.401,40.0,0.0,0.0,0.0,0.0,0.0,0.0,0.0,1.0,0.
584,584-0,-0.097,22.0,0.0,1.0,0.0,0.0,0.0,0.0,0.0,0.0,0.
584,584-1,0.282,22.0,0.0,1.0,0.0,0.0,0.0,0.0,0.0,0.0,0.
584,584-2,-0.067,27.0,0.0,1.0,0.0,0.0,0.0,0.0,0.0,0.0,0.
584,584-3,0.033,27.0,0.0,1.0,0.0,0.0,0.0,0.0,0.0,0.0,0.
584,584-4,0.162,3.0,0.0,0.0,0.0,0.0,1.0,0.0,0.0,0.0,0.
584,584-5,0.163,3.0,0.0,0.0,0.0,0.0,1.0,0.0,0.0,0.0,0.
584,584-6,-0.738,35.0,0.0,0.0,0.0,0.0,0.0,0.0,1.0,0.0,0.
584,584-7,0.832,38.0,0.0,0.0,0.0,0.0,0.0,0.0,1.0,0.0,0.
584,584-8,-0.368,40.0,0.0,0.0,0.0,0.0,0.0,0.0,0.0,1.0,0.
1599,1599-0,-0.121,22.0,0.0,1.0,0.0,0.0,0.0,0.0,0.0,0.0,0.
1599,1599-1,0.309,22.0,0.0,1.0,0.0,0.0,0.0,0.0,0.0,0.0,0.
1599,1599-2,0.31,22.0,0.0,1.0,0.0,0.0,0.0,0.0,0.0,0.0,0.
1599,1599-3,-0.291,92.0,0.0,0.0,0.0,1.0,0.0,0.0,0.0,0.0,0.
1599,1599-4,0.139,3.0,0.0,0.0,0.0,0.0,1.0,0.0,0.0,0.0,0.
1599,1599-5,0.81,38.0,0.0,0.0,0.0,0.0,0.0,0.0,1.0,0.0,0.
1599,1599-6,-0.39,40.0,0.0,0.0,0.0,0.0,0.0,0.0,0.0,1.0,0.
399,399-0,0.007,10.0,0.0,1.0,0.0,0.0,0.0,0.0,0.0,0.0,0.
399,399-1,-0.173,22.0,0.0,1.0,0.0,0.0,0.0,0.0,0.0,0.0,0.
399,399-2,-0.123,22.0,0.0,1.0,0.0,0.0,0.0,0.0,0.0,0.0,0.
399,399-3,0.007,27.0,0.0,1.0,0.0,0.0,0.0,0.0,0.0,0.0,0.
399,399-4,0.057,3.0,0.0,0.0,0.0,0.0,1.0,0.0,0.0,0.0,0.
399,399-5,0.137,3.0,0.0,0.0,0.0,0.0,1.0,0.0,0.0,0.0,0.
399,399-6,0.806,38.0,0.0,0.0,0.0,0.0,0.0,0.0,1.0,0.0,0.
399,399-7,-0.393,40.0,0.0,0.0,0.0,0.0,0.0,0.0,0.0,1.0,0.
1758,1758-0,0.006,10.0,0.0,1.0,0.0,0.0,0.0,0.0,0.0,0.0,0.
1758,1758-1,-0.174,22.0,0.0,1.0,0.0,0.0,0.0,0.0,0.0,0.0,0.
1758,1758-2,-0.124,22.0,0.0,1.0,0.0,0.0,0.0,0.0,0.0,0.0,0.
1758,1758-3,0.006,29.0,0.0,1.0,0.0,0.0,0.0,0.0,0.0,0.0,0.
1758,1758-4,0.056,3.0,0.0,0.0,0.0,0.0,1.0,0.0,0.0,0.0,0.
1758,1758-5,0.136,3.0,0.0,0.0,0.0,0.0,1.0,0.0,0.0,0.0,0.
1758,1758-6,0.805,38.0,0.0,0.0,0.0,0.0,0.0,0.0,1.0,0.0,0.
1758,1758-7,-0.395,40.0,0.0,0.0,0.0,0.0,0.0,0.0,0.0,1.0,0.
1758,1758-8,-0.394,40.0,0.0,0.0,0.0,0.0,0.0,0.0,0.0,1.0,0.
501,501-0,-0.121,22.0,0.0,1.0,0.0,0.0,0.0,0.0,0.0,0.0,0.
501,501-1,0.309,22.0,0.0,1.0,0.0,0.0,0.0,0.0,0.0,0.0,0.
501,501-2,0.31,22.0,0.0,1.0,0.0,0.0,0.0,0.0,0.0,0.0,0.
501,501-3,-0.291,92.0,0.0,0.0,0.0,1.0,0.0,0.0,0.0,0.0,0.
501,501-4,0.139,3.0,0.0,0.0,0.0,0.0,1.0,0.0,0.0,0.0,0.
501,501-5,0.81,38.0,0.0,0.0,0.0,0.0,0.0,0.0,1.0,0.0,0.
501,501-6,-0.39,40.0,0.0,0.0,0.0,0.0,0.0,0.0,0.0,1.0,0.
644,644-0,-0.115,22.0,0.0,1.0,0.0,0.0,0.0,0.0,0.0,0.0,1.
644,644-1,-0.085,27.0,0.0,1.0,0.0,0.0,0.0,0.0,0.0,0.0,1.
644,644-2,0.015,27.0,0.0,1.0,0.0,0.0,0.0,0.0,0.0,0.0,1.
644,644-3,0.145,3.0,0.0,0.0,0.0,0.0,1.0,0.0,0.0,0.0,1.
644,644-4,0.146,3.0,0.0,0.0,0.0,0.0,1.0,0.0,0.0,0.0,1.
644,644-5,0.816,38.0,0.0,0.0,0.0,0.0,0.0,0.0,1.0,0.0,1.
644,644-6,-0.384,40.0,0.0,0.0,0.0,0.0,0.0,0.0,0.0,1.0,1.
1053,1053-0,-0.084,22.0,0.0,1.0,0.0,0.0,0.0,0.0,0.0,0.0,1.
1053,1053-1,0.296,22.0,0.0,1.0,0.0,0.0,0.0,0.0,0.0,0.0,1.
1053,1053-2,-0.054,27.0,0.0,1.0,0.0,0.0,0.0,0.0,0.0,0.0,1.
1053,1053-3,0.046,27.0,0.0,1.0,0.0,0.0,0.0,0.0,0.0,0.0,1.
1053,1053-4,0.435,27.0,0.0,1.0,0.0,0.0,0.0,0.0,0.0,0.0,1.
1053,1053-5,0.176,3.0,0.0,0.0,0.0,0.0,1.0,0.0,0.0,0.0,1.
1053,1053-6,-0.725,35.0,0.0,0.0,0.0,0.0,0.0,0.0,1.0,0.0,1.
1053,1053-7,0.845,38.0,0.0,0.0,0.0,0.0,0.0,0.0,1.0,0.0,1.
1053,1053-8,-0.354,40.0,0.0,0.0,0.0,0.0,0.0,0.0,0.0,1.0,1.
16,16-0,-0.089,10.0,0.0,1.0,0.0,0.0,0.0,0.0,0.0,0.0,1.
16,16-1,-0.118,22.0,0.0,1.0,0.0,0.0,0.0,0.0,0.0,0.0,1.
16,16-2,0.012,22.0,0.0,1.0,0.0,0.0,0.0,0.0,0.0,0.0,1.
16,16-3,-0.089,27.0,0.0,1.0,0.0,0.0,0.0,0.0,0.0,0.0,1.
16,16-4,0.012,27.0,0.0,1.0,0.0,0.0,0.0,0.0,0.0,0.0,1.
16,16-5,0.062,3.0,0.0,0.0,0.0,0.0,1.0,0.0,0.0,0.0,1.
16,16-6,0.141,3.0,0.0,0.0,0.0,0.0,1.0,0.0,0.0,0.0,1.
16,16-7,0.811,38.0,0.0,0.0,0.0,0.0,0.0,0.0,1.0,0.0,1.
16,16-8,-0.39,40.0,0.0,0.0,0.0,0.0,0.0,0.0,0.0,1.0,1.
16,16-9,-0.389,40.0,0.0,0.0,0.0,0.0,0.0,0.0,0.0,1.0,1.
414,414-0,-0.109,21.0,0.0,1.0,0.0,0.0,0.0,0.0,0.0,0.0,1.
414,414-1,-0.079,21.0,0.0,1.0,0.0,0.0,0.0,0.0,0.0,0.0,1.
414,414-2,-0.109,22.0,0.0,1.0,0.0,0.0,0.0,0.0,0.0,0.0,1.
414,414-3,-0.108,22.0,0.0,1.0,0.0,0.0,0.0,0.0,0.0,0.0,1.
414,414-4,-0.079,26.0,0.0,1.0,0.0,0.0,0.0,0.0,0.0,0.0,1.
414,414-5,-0.079,27.0,0.0,1.0,0.0,0.0,0.0,0.0,0.0,0.0,1.
414,414-6,0.021,27.0,0.0,1.0,0.0,0.0,0.0,0.0,0.0,0.0,1.
414,414-7,0.122,3.0,0.0,0.0,0.0,0.0,1.0,0.0,0.0,0.0,1.
414,414-8,0.152,3.0,0.0,0.0,0.0,0.0,1.0,0.0,0.0,0.0,1.
414,414-9,0.822,38.0,0.0,0.0,0.0,0.0,0.0,0.0,1.0,0.0,1.
414,414-10,-0.378,40.0,0.0,0.0,0.0,0.0,0.0,0.0,0.0,1.0,1.
81,81-0,-0.115,22.0,0.0,1.0,0.0,0.0,0.0,0.0,0.0,0.0,1.
81,81-1,-0.085,27.0,0.0,1.0,0.0,0.0,0.0,0.0,0.0,0.0,1.
81,81-2,0.015,27.0,0.0,1.0,0.0,0.0,0.0,0.0,0.0,0.0,1.
81,81-3,0.145,3.0,0.0,0.0,0.0,0.0,1.0,0.0,0.0,0.0,1.
81,81-4,0.146,3.0,0.0,0.0,0.0,0.0,1.0,0.0,0.0,0.0,1.
81,81-5,0.816,38.0,0.0,0.0,0.0,0.0,0.0,0.0,1.0,0.0,1.
81,81-6,-0.384,40.0,0.0,0.0,0.0,0.0,0.0,0.0,0.0,1.0,1.
572,572-0,-0.096,10.0,0.0,1.0,0.0,0.0,0.0,0.0,0.0,0.0,1.
572,572-1,-0.126,22.0,0.0,1.0,0.0,0.0,0.0,0.0,0.0,0.0,1.
572,572-2,0.004,22.0,0.0,1.0,0.0,0.0,0.0,0.0,0.0,0.0,1.
572,572-3,0.004,29.0,0.0,1.0,0.0,0.0,0.0,0.0,0.0,0.0,1.
572,572-4,0.054,3.0,0.0,0.0,0.0,0.0,1.0,0.0,0.0,0.0,1.
572,572-5,0.134,3.0,0.0,0.0,0.0,0.0,1.0,0.0,0.0,0.0,1.
572,572-6,0.805,38.0,0.0,0.0,0.0,0.0,0.0,0.0,1.0,0.0,1.
572,572-7,-0.396,40.0,0.0,0.0,0.0,0.0,0.0,0.0,0.0,1.0,1.
572,572-8,-0.395,40.0,0.0,0.0,0.0,0.0,0.0,0.0,0.0,1.0,1.
6,6-0,-0.142,22.0,0.0,1.0,0.0,0.0,0.0,0.0,0.0,0.0,1.
6,6-1,0.188,22.0,0.0,1.0,0.0,0.0,0.0,0.0,0.0,0.0,1.
6,6-2,0.288,1.0,0.0,0.0,0.0,0.0,1.0,0.0,0.0,0.0,1.
6,6-3,0.118,3.0,0.0,0.0,0.0,0.0,1.0,0.0,0.0,0.0,1.
6,6-4,-0.412,32.0,0.0,0.0,0.0,0.0,0.0,0.0,1.0,0.0,1.
6,6-5,0.787,38.0,0.0,0.0,0.0,0.0,0.0,0.0,1.0,0.0,1.
6,6-6,-0.413,40.0,0.0,0.0,0.0,0.0,0.0,0.0,0.0,1.0,1.
6,6-7,-0.412,40.0,0.0,0.0,0.0,0.0,0.0,0.0,0.0,1.0,1.
1326,1326-0,-0.113,22.0,0.0,1.0,0.0,0.0,0.0,0.0,0.0,0.0,1.
1326,1326-1,0.017,29.0,0.0,1.0,0.0,0.0,0.0,0.0,0.0,0.0,1.
1326,1326-2,0.147,3.0,0.0,0.0,0.0,0.0,1.0,0.0,0.0,0.0,1.
1326,1326-3,0.818,38.0,0.0,0.0,0.0,0.0,0.0,0.0,1.0,0.0,1.
1326,1326-4,-0.383,40.0,0.0,0.0,0.0,0.0,0.0,0.0,0.0,1.0,1.
1326,1326-5,-0.382,40.0,0.0,0.0,0.0,0.0,0.0,0.0,0.0,1.0,1.
466,466-0,-0.115,21.0,0.0,1.0,0.0,0.0,0.0,0.0,0.0,0.0,1.
466,466-1,-0.115,22.0,0.0,1.0,0.0,0.0,0.0,0.0,0.0,0.0,1.
466,466-2,0.115,26.0,0.0,1.0,0.0,0.0,0.0,0.0,0.0,0.0,1.
466,466-3,0.315,26.0,0.0,1.0,0.0,0.0,0.0,0.0,0.0,0.0,1.
466,466-4,0.315,1.0,0.0,0.0,0.0,0.0,1.0,0.0,0.0,0.0,1.
466,466-5,0.115,3.0,0.0,0.0,0.0,0.0,1.0,0.0,0.0,0.0,1.
466,466-6,0.145,3.0,0.0,0.0,0.0,0.0,1.0,0.0,0.0,0.0,1.
466,466-7,-0.384,34.0,0.0,0.0,0.0,0.0,0.0,0.0,1.0,0.0,1.
466,466-8,0.816,38.0,0.0,0.0,0.0,0.0,0.0,0.0,1.0,0.0,1.
466,466-9,-0.384,40.0,0.0,0.0,0.0,0.0,0.0,0.0,0.0,1.0,1.
377,377-0,-0.095,10.0,0.0,1.0,0.0,0.0,0.0,0.0,0.0,0.0,1.
377,377-1,-0.125,22.0,0.0,1.0,0.0,0.0,0.0,0.0,0.0,0.0,1.
377,377-2,-0.124,22.0,0.0,1.0,0.0,0.0,0.0,0.0,0.0,0.0,1.
377,377-3,0.005,22.0,0.0,1.0,0.0,0.0,0.0,0.0,0.0,0.0,1.
377,377-4,0.005,27.0,0.0,1.0,0.0,0.0,0.0,0.0,0.0,0.0,1.
377,377-5,0.055,3.0,0.0,0.0,0.0,0.0,1.0,0.0,0.0,0.0,1.
377,377-6,0.136,3.0,0.0,0.0,0.0,0.0,1.0,0.0,0.0,0.0,1.
377,377-7,0.806,38.0,0.0,0.0,0.0,0.0,0.0,0.0,1.0,0.0,1.
377,377-8,-0.394,40.0,0.0,0.0,0.0,0.0,0.0,0.0,0.0,1.0,1.
897,897-0,-0.113,22.0,0.0,1.0,0.0,0.0,0.0,0.0,0.0,0.0,1.
897,897-1,-0.083,27.0,0.0,1.0,0.0,0.0,0.0,0.0,0.0,0.0,1.
897,897-2,0.017,27.0,0.0,1.0,0.0,0.0,0.0,0.0,0.0,0.0,1.
897,897-3,0.017,29.0,0.0,1.0,0.0,0.0,0.0,0.0,0.0,0.0,1.
897,897-4,0.147,3.0,0.0,0.0,0.0,0.0,1.0,0.0,0.0,0.0,1.
897,897-5,0.148,3.0,0.0,0.0,0.0,0.0,1.0,0.0,0.0,0.0,1.
897,897-6,0.818,38.0,0.0,0.0,0.0,0.0,0.0,0.0,1.0,0.0,1.
897,897-7,-0.382,40.0,0.0,0.0,0.0,0.0,0.0,0.0,0.0,1.0,1.
672,672-0,-0.112,21.0,0.0,1.0,0.0,0.0,0.0,0.0,0.0,0.0,1.
672,672-1,0.018,21.0,0.0,1.0,0.0,0.0,0.0,0.0,0.0,0.0,1.
672,672-2,-0.112,22.0,0.0,1.0,0.0,0.0,0.0,0.0,0.0,0.0,1.
672,672-3,-0.082,26.0,0.0,1.0,0.0,0.0,0.0,0.0,0.0,0.0,1.
672,672-4,-0.082,27.0,0.0,1.0,0.0,0.0,0.0,0.0,0.0,0.0,1.
672,672-5,0.018,27.0,0.0,1.0,0.0,0.0,0.0,0.0,0.0,0.0,1.
672,672-6,0.147,3.0,0.0,0.0,0.0,0.0,1.0,0.0,0.0,0.0,1.
672,672-7,0.148,3.0,0.0,0.0,0.0,0.0,1.0,0.0,0.0,0.0,1.
672,672-8,0.817,38.0,0.0,0.0,0.0,0.0,0.0,0.0,1.0,0.0,1.
672,672-9,-0.383,40.0,0.0,0.0,0.0,0.0,0.0,0.0,0.0,1.0,1.
489,489-0,0.113,10.0,0.0,1.0,0.0,0.0,0.0,0.0,0.0,0.0,0.
489,489-1,-0.107,21.0,0.0,1.0,0.0,0.0,0.0,0.0,0.0,0.0,0.
489,489-2,-0.107,22.0,0.0,1.0,0.0,0.0,0.0,0.0,0.0,0.0,0.
489,489-3,0.123,26.0,0.0,1.0,0.0,0.0,0.0,0.0,0.0,0.0,0.
489,489-4,0.323,26.0,0.0,1.0,0.0,0.0,0.0,0.0,0.0,0.0,0.
489,489-5,0.073,3.0,0.0,0.0,0.0,0.0,1.0,0.0,0.0,0.0,0.
489,489-6,0.123,3.0,0.0,0.0,0.0,0.0,1.0,0.0,0.0,0.0,0.
489,489-7,0.153,3.0,0.0,0.0,0.0,0.0,1.0,0.0,0.0,0.0,0.
489,489-8,-0.517,34.0,0.0,0.0,0.0,0.0,0.0,0.0,1.0,0.0,0.
489,489-9,-0.377,34.0,0.0,0.0,0.0,0.0,0.0,0.0,1.0,0.0,0.
489,489-10,0.823,38.0,0.0,0.0,0.0,0.0,0.0,0.0,1.0,0.0,0.
489,489-11,-0.377,40.0,0.0,0.0,0.0,0.0,0.0,0.0,0.0,1.0,0.
1076,1076-0,0.298,21.0,0.0,1.0,0.0,0.0,0.0,0.0,0.0,0.0,0.
1076,1076-1,-0.102,22.0,0.0,1.0,0.0,0.0,0.0,0.0,0.0,0.0,0.
1076,1076-2,-0.072,26.0,0.0,1.0,0.0,0.0,0.0,0.0,0.0,0.0,0.
1076,1076-3,-0.012,26.0,0.0,1.0,0.0,0.0,0.0,0.0,0.0,0.0,0.
1076,1076-4,0.529,1.0,0.0,0.0,0.0,0.0,1.0,0.0,0.0,0.0,0.
1076,1076-5,0.128,3.0,0.0,0.0,0.0,0.0,1.0,0.0,0.0,0.0,0.
1076,1076-6,0.158,3.0,0.0,0.0,0.0,0.0,1.0,0.0,0.0,0.0,0.
1076,1076-7,-0.511,34.0,0.0,0.0,0.0,0.0,0.0,0.0,1.0,0.0,0.
1076,1076-8,0.829,38.0,0.0,0.0,0.0,0.0,0.0,0.0,1.0,0.0,0.
1076,1076-9,-0.372,40.0,0.0,0.0,0.0,0.0,0.0,0.0,0.0,1.0,0.
1068,1068-0,-0.2,16.0,0.0,1.0,0.0,0.0,0.0,0.0,0.0,0.0,0.
1068,1068-1,0.099,16.0,0.0,1.0,0.0,0.0,0.0,0.0,0.0,0.0,0.
1068,1068-2,-0.131,22.0,0.0,1.0,0.0,0.0,0.0,0.0,0.0,0.0,0.
1068,1068-3,-0.13,22.0,0.0,1.0,0.0,0.0,0.0,0.0,0.0,0.0,0.
1068,1068-4,0.099,22.0,0.0,1.0,0.0,0.0,0.0,0.0,0.0,0.0,0.
1068,1068-5,0.18,22.0,0.0,1.0,0.0,0.0,0.0,0.0,0.0,0.0,0.
1068,1068-6,0.099,3.0,0.0,0.0,0.0,0.0,1.0,0.0,0.0,0.0,0.
1068,1068-7,0.129,3.0,0.0,0.0,0.0,0.0,1.0,0.0,0.0,0.0,0.
1068,1068-8,0.8,38.0,0.0,0.0,0.0,0.0,0.0,0.0,1.0,0.0,0.
1068,1068-9,-0.4,40.0,0.0,0.0,0.0,0.0,0.0,0.0,0.0,1.0,0.
1068,1068-10,-0.23,50.0,0.0,0.0,0.0,0.0,0.0,0.0,0.0,1.0,0.
210,210-0,-0.067,22.0,0.0,1.0,0.0,0.0,0.0,0.0,0.0,0.0,0.
210,210-1,0.244,22.0,0.0,1.0,0.0,0.0,0.0,0.0,0.0,0.0,0.
210,210-2,-0.137,93.0,0.0,0.0,1.0,0.0,0.0,0.0,0.0,0.0,0.
210,210-3,0.193,3.0,0.0,0.0,0.0,0.0,1.0,0.0,0.0,0.0,0.
210,210-4,0.194,3.0,0.0,0.0,0.0,0.0,1.0,0.0,0.0,0.0,0.
210,210-5,0.864,38.0,0.0,0.0,0.0,0.0,0.0,0.0,1.0,0.0,0.
210,210-6,-0.336,40.0,0.0,0.0,0.0,0.0,0.0,0.0,0.0,1.0,0.
210,210-7,-0.167,50.0,0.0,0.0,0.0,0.0,0.0,0.0,0.0,1.0,0.
1219,1219-0,0.098,10.0,0.0,1.0,0.0,0.0,0.0,0.0,0.0,0.0,0.
1219,1219-1,-0.122,21.0,0.0,1.0,0.0,0.0,0.0,0.0,0.0,0.0,0.
1219,1219-2,-0.122,22.0,0.0,1.0,0.0,0.0,0.0,0.0,0.0,0.0,0.
1219,1219-3,0.108,26.0,0.0,1.0,0.0,0.0,0.0,0.0,0.0,0.0,0.
1219,1219-4,0.307,26.0,0.0,1.0,0.0,0.0,0.0,0.0,0.0,0.0,0.
1219,1219-5,0.307,1.0,0.0,0.0,0.0,0.0,1.0,0.0,0.0,0.0,0.
1219,1219-6,0.058,3.0,0.0,0.0,0.0,0.0,1.0,0.0,0.0,0.0,0.
1219,1219-7,0.108,3.0,0.0,0.0,0.0,0.0,1.0,0.0,0.0,0.0,0.
1219,1219-8,0.137,3.0,0.0,0.0,0.0,0.0,1.0,0.0,0.0,0.0,0.
1219,1219-9,0.138,3.0,0.0,0.0,0.0,0.0,1.0,0.0,0.0,0.0,0.
1219,1219-10,-0.533,34.0,0.0,0.0,0.0,0.0,0.0,0.0,1.0,0.0,0.
1219,1219-11,-0.393,34.0,0.0,0.0,0.0,0.0,0.0,0.0,1.0,0.0,0.
1219,1219-12,0.807,38.0,0.0,0.0,0.0,0.0,0.0,0.0,1.0,0.0,0.
1219,1219-13,-0.393,40.0,0.0,0.0,0.0,0.0,0.0,0.0,0.0,1.0,0.
1512,1512-0,-0.123,22.0,0.0,1.0,0.0,0.0,0.0,0.0,0.0,0.0,0.
1512,1512-1,0.006,27.0,0.0,1.0,0.0,0.0,0.0,0.0,0.0,0.0,0.
1512,1512-2,0.136,3.0,0.0,0.0,0.0,0.0,1.0,0.0,0.0,0.0,0.
1512,1512-3,0.137,3.0,0.0,0.0,0.0,0.0,1.0,0.0,0.0,0.0,0.
1512,1512-4,0.806,38.0,0.0,0.0,0.0,0.0,0.0,0.0,1.0,0.0,0.
1512,1512-5,-0.395,40.0,0.0,0.0,0.0,0.0,0.0,0.0,0.0,1.0,0.
1688,1688-0,-0.118,22.0,0.0,1.0,0.0,0.0,0.0,0.0,0.0,0.0,1.
1688,1688-1,-0.088,27.0,0.0,1.0,0.0,0.0,0.0,0.0,0.0,0.0,1.
1688,1688-2,0.012,27.0,0.0,1.0,0.0,0.0,0.0,0.0,0.0,0.0,1.
1688,1688-3,0.012,28.0,0.0,1.0,0.0,0.0,0.0,0.0,0.0,0.0,1.
1688,1688-4,0.012,29.0,0.0,1.0,0.0,0.0,0.0,0.0,0.0,0.0,1.
1688,1688-5,0.142,3.0,0.0,0.0,0.0,0.0,1.0,0.0,0.0,0.0,1.
1688,1688-6,0.812,38.0,0.0,0.0,0.0,0.0,0.0,0.0,1.0,0.0,1.
1688,1688-7,-0.388,40.0,0.0,0.0,0.0,0.0,0.0,0.0,0.0,1.0,1.
297,297-0,-0.109,22.0,0.0,1.0,0.0,0.0,0.0,0.0,0.0,0.0,1.
297,297-1,-0.079,27.0,0.0,1.0,0.0,0.0,0.0,0.0,0.0,0.0,1.
297,297-2,0.021,27.0,0.0,1.0,0.0,0.0,0.0,0.0,0.0,0.0,1.
297,297-3,0.151,3.0,0.0,0.0,0.0,0.0,1.0,0.0,0.0,0.0,1.
297,297-4,0.822,38.0,0.0,0.0,0.0,0.0,0.0,0.0,1.0,0.0,1.
297,297-5,-0.379,40.0,0.0,0.0,0.0,0.0,0.0,0.0,0.0,1.0,1.
297,297-6,-0.378,40.0,0.0,0.0,0.0,0.0,0.0,0.0,0.0,1.0,1.
760,760-0,-0.085,21.0,0.0,1.0,0.0,0.0,0.0,0.0,0.0,0.0,1.
760,760-1,0.015,21.0,0.0,1.0,0.0,0.0,0.0,0.0,0.0,0.0,1.
760,760-2,-0.115,22.0,0.0,1.0,0.0,0.0,0.0,0.0,0.0,0.0,1.
760,760-3,-0.085,26.0,0.0,1.0,0.0,0.0,0.0,0.0,0.0,0.0,1.
760,760-4,-0.085,27.0,0.0,1.0,0.0,0.0,0.0,0.0,0.0,0.0,1.
760,760-5,0.015,27.0,0.0,1.0,0.0,0.0,0.0,0.0,0.0,0.0,1.
760,760-6,0.115,3.0,0.0,0.0,0.0,0.0,1.0,0.0,0.0,0.0,1.
760,760-7,0.144,3.0,0.0,0.0,0.0,0.0,1.0,0.0,0.0,0.0,1.
760,760-8,0.145,3.0,0.0,0.0,0.0,0.0,1.0,0.0,0.0,0.0,1.
760,760-9,0.814,38.0,0.0,0.0,0.0,0.0,0.0,0.0,1.0,0.0,1.
760,760-10,-0.386,40.0,0.0,0.0,0.0,0.0,0.0,0.0,0.0,1.0,1.
1620,1620-0,-0.109,22.0,0.0,1.0,0.0,0.0,0.0,0.0,0.0,0.0,1.
1620,1620-1,-0.108,22.0,0.0,1.0,0.0,0.0,0.0,0.0,0.0,0.0,1.
1620,1620-2,-0.079,27.0,0.0,1.0,0.0,0.0,0.0,0.0,0.0,0.0,1.
1620,1620-3,0.021,27.0,0.0,1.0,0.0,0.0,0.0,0.0,0.0,0.0,1.
1620,1620-4,-0.079,195.0,0.0,1.0,0.0,0.0,0.0,0.0,0.0,0.0,1.
1620,1620-5,0.152,3.0,0.0,0.0,0.0,0.0,1.0,0.0,0.0,0.0,1.
1620,1620-6,0.822,38.0,0.0,0.0,0.0,0.0,0.0,0.0,1.0,0.0,1.
1620,1620-7,-0.378,40.0,0.0,0.0,0.0,0.0,0.0,0.0,0.0,1.0,1.
96,96-0,-0.122,22.0,0.0,1.0,0.0,0.0,0.0,0.0,0.0,0.0,1.
96,96-1,0.258,22.0,0.0,1.0,0.0,0.0,0.0,0.0,0.0,0.0,1.
96,96-2,-0.092,27.0,0.0,1.0,0.0,0.0,0.0,0.0,0.0,0.0,1.
96,96-3,0.008,27.0,0.0,1.0,0.0,0.0,0.0,0.0,0.0,0.0,1.
96,96-4,0.008,28.0,0.0,1.0,0.0,0.0,0.0,0.0,0.0,0.0,1.
96,96-5,0.008,29.0,0.0,1.0,0.0,0.0,0.0,0.0,0.0,0.0,1.
96,96-6,0.138,3.0,0.0,0.0,0.0,0.0,1.0,0.0,0.0,0.0,1.
96,96-7,0.408,8.0,0.0,0.0,0.0,0.0,1.0,0.0,0.0,0.0,1.
96,96-8,0.807,38.0,0.0,0.0,0.0,0.0,0.0,0.0,1.0,0.0,1.
96,96-9,-0.392,40.0,0.0,0.0,0.0,0.0,0.0,0.0,0.0,1.0,1.
96,96-10,-0.643,45.0,0.0,0.0,0.0,0.0,0.0,0.0,0.0,1.0,1.
956,956-0,-0.111,22.0,0.0,1.0,0.0,0.0,0.0,0.0,0.0,0.0,1.
956,956-1,-0.081,27.0,0.0,1.0,0.0,0.0,0.0,0.0,0.0,0.0,1.
956,956-2,0.019,27.0,0.0,1.0,0.0,0.0,0.0,0.0,0.0,0.0,1.
956,956-3,0.149,3.0,0.0,0.0,0.0,0.0,1.0,0.0,0.0,0.0,1.
956,956-4,0.15,3.0,0.0,0.0,0.0,0.0,1.0,0.0,0.0,0.0,1.
956,956-5,0.82,38.0,0.0,0.0,0.0,0.0,0.0,0.0,1.0,0.0,1.
956,956-6,-0.38,40.0,0.0,0.0,0.0,0.0,0.0,0.0,0.0,1.0,1.
638,638-0,-0.115,22.0,0.0,1.0,0.0,0.0,0.0,0.0,0.0,0.0,1.
638,638-1,-0.085,27.0,0.0,1.0,0.0,0.0,0.0,0.0,0.0,0.0,1.
638,638-2,0.015,27.0,0.0,1.0,0.0,0.0,0.0,0.0,0.0,0.0,1.
638,638-3,0.015,28.0,0.0,1.0,0.0,0.0,0.0,0.0,0.0,0.0,1.
638,638-4,0.015,29.0,0.0,1.0,0.0,0.0,0.0,0.0,0.0,0.0,1.
638,638-5,0.145,3.0,0.0,0.0,0.0,0.0,1.0,0.0,0.0,0.0,1.
638,638-6,0.146,3.0,0.0,0.0,0.0,0.0,1.0,0.0,0.0,0.0,1.
638,638-7,0.816,38.0,0.0,0.0,0.0,0.0,0.0,0.0,1.0,0.0,1.
638,638-8,-0.384,40.0,0.0,0.0,0.0,0.0,0.0,0.0,0.0,1.0,1.
898,898-0,-0.116,22.0,0.0,1.0,0.0,0.0,0.0,0.0,0.0,0.0,1.
898,898-1,0.014,29.0,0.0,1.0,0.0,0.0,0.0,0.0,0.0,0.0,1.
898,898-2,0.144,3.0,0.0,0.0,0.0,0.0,1.0,0.0,0.0,0.0,1.
898,898-3,0.813,38.0,0.0,0.0,0.0,0.0,0.0,0.0,1.0,0.0,1.
898,898-4,0.814,38.0,0.0,0.0,0.0,0.0,0.0,0.0,1.0,0.0,1.
898,898-5,-0.386,40.0,0.0,0.0,0.0,0.0,0.0,0.0,0.0,1.0,1.
1712,1712-0,-0.115,22.0,0.0,1.0,0.0,0.0,0.0,0.0,0.0,0.0,1.
1712,1712-1,-0.085,27.0,0.0,1.0,0.0,0.0,0.0,0.0,0.0,0.0,1.
1712,1712-2,0.015,27.0,0.0,1.0,0.0,0.0,0.0,0.0,0.0,0.0,1.
1712,1712-3,0.145,3.0,0.0,0.0,0.0,0.0,1.0,0.0,0.0,0.0,1.
1712,1712-4,0.146,3.0,0.0,0.0,0.0,0.0,1.0,0.0,0.0,0.0,1.
1712,1712-5,0.816,38.0,0.0,0.0,0.0,0.0,0.0,0.0,1.0,0.0,1.
1712,1712-6,-0.384,40.0,0.0,0.0,0.0,0.0,0.0,0.0,0.0,1.0,1.
183,183-0,-0.091,10.0,0.0,1.0,0.0,0.0,0.0,0.0,0.0,0.0,1.
183,183-1,-0.122,22.0,0.0,1.0,0.0,0.0,0.0,0.0,0.0,0.0,1.
183,183-2,-0.121,22.0,0.0,1.0,0.0,0.0,0.0,0.0,0.0,0.0,1.
183,183-3,0.009,22.0,0.0,1.0,0.0,0.0,0.0,0.0,0.0,0.0,1.
183,183-4,-0.091,27.0,0.0,1.0,0.0,0.0,0.0,0.0,0.0,0.0,1.
183,183-5,0.009,27.0,0.0,1.0,0.0,0.0,0.0,0.0,0.0,0.0,1.
183,183-6,0.059,3.0,0.0,0.0,0.0,0.0,1.0,0.0,0.0,0.0,1.
183,183-7,0.138,3.0,0.0,0.0,0.0,0.0,1.0,0.0,0.0,0.0,1.
183,183-8,0.808,38.0,0.0,0.0,0.0,0.0,0.0,0.0,1.0,0.0,1.
183,183-9,-0.392,40.0,0.0,0.0,0.0,0.0,0.0,0.0,0.0,1.0,1.
486,486-0,-0.111,22.0,0.0,1.0,0.0,0.0,0.0,0.0,0.0,0.0,1.
486,486-1,-0.081,27.0,0.0,1.0,0.0,0.0,0.0,0.0,0.0,0.0,1.
486,486-2,0.019,27.0,0.0,1.0,0.0,0.0,0.0,0.0,0.0,0.0,1.
486,486-3,0.35,1.0,0.0,0.0,0.0,0.0,1.0,0.0,0.0,0.0,1.
486,486-4,0.149,3.0,0.0,0.0,0.0,0.0,1.0,0.0,0.0,0.0,1.
486,486-5,0.15,3.0,0.0,0.0,0.0,0.0,1.0,0.0,0.0,0.0,1.
486,486-6,-0.76,32.0,0.0,0.0,0.0,0.0,0.0,0.0,1.0,0.0,1.
486,486-7,0.82,38.0,0.0,0.0,0.0,0.0,0.0,0.0,1.0,0.0,1.
486,486-8,-0.38,40.0,0.0,0.0,0.0,0.0,0.0,0.0,0.0,1.0,1.
836,836-0,0.019,10.0,0.0,1.0,0.0,0.0,0.0,0.0,0.0,0.0,1.
836,836-1,0.448,19.0,0.0,1.0,0.0,0.0,0.0,0.0,0.0,0.0,1.
836,836-2,-0.111,22.0,0.0,1.0,0.0,0.0,0.0,0.0,0.0,0.0,1.
836,836-3,0.019,29.0,0.0,1.0,0.0,0.0,0.0,0.0,0.0,0.0,1.
836,836-4,0.069,3.0,0.0,0.0,0.0,0.0,1.0,0.0,0.0,0.0,1.
836,836-5,0.149,3.0,0.0,0.0,0.0,0.0,1.0,0.0,0.0,0.0,1.
836,836-6,-0.482,31.0,0.0,0.0,0.0,0.0,0.0,0.0,1.0,0.0,1.
836,836-7,0.818,38.0,0.0,0.0,0.0,0.0,0.0,0.0,1.0,0.0,1.
836,836-8,-0.382,40.0,0.0,0.0,0.0,0.0,0.0,0.0,0.0,1.0,1.
836,836-9,-0.381,40.0,0.0,0.0,0.0,0.0,0.0,0.0,0.0,1.0,1.
949,949-0,-0.115,21.0,0.0,1.0,0.0,0.0,0.0,0.0,0.0,0.0,1.
949,949-1,0.015,21.0,0.0,1.0,0.0,0.0,0.0,0.0,0.0,0.0,1.
949,949-2,-0.115,22.0,0.0,1.0,0.0,0.0,0.0,0.0,0.0,0.0,1.
949,949-3,-0.085,25.0,0.0,1.0,0.0,0.0,0.0,0.0,0.0,0.0,1.
949,949-4,-0.085,26.0,0.0,1.0,0.0,0.0,0.0,0.0,0.0,0.0,1.
949,949-5,-0.085,27.0,0.0,1.0,0.0,0.0,0.0,0.0,0.0,0.0,1.
949,949-6,0.015,27.0,0.0,1.0,0.0,0.0,0.0,0.0,0.0,0.0,1.
949,949-7,0.015,195.0,0.0,1.0,0.0,0.0,0.0,0.0,0.0,0.0,1.
949,949-8,0.144,3.0,0.0,0.0,0.0,0.0,1.0,0.0,0.0,0.0,1.
949,949-9,0.145,3.0,0.0,0.0,0.0,0.0,1.0,0.0,0.0,0.0,1.
949,949-10,0.814,38.0,0.0,0.0,0.0,0.0,0.0,0.0,1.0,0.0,1.
949,949-11,-0.386,40.0,0.0,0.0,0.0,0.0,0.0,0.0,0.0,1.0,1.
1140,1140-0,0.001,10.0,0.0,1.0,0.0,0.0,0.0,0.0,0.0,0.0,0.
1140,1140-1,0.55,14.0,0.0,1.0,0.0,0.0,0.0,0.0,0.0,0.0,0.
1140,1140-2,-0.129,22.0,0.0,1.0,0.0,0.0,0.0,0.0,0.0,0.0,0.
1140,1140-3,0.001,22.0,0.0,1.0,0.0,0.0,0.0,0.0,0.0,0.0,0.
1140,1140-4,0.051,3.0,0.0,0.0,0.0,0.0,1.0,0.0,0.0,0.0,0.
1140,1140-5,0.13,3.0,0.0,0.0,0.0,0.0,1.0,0.0,0.0,0.0,0.
1140,1140-6,0.8,38.0,0.0,0.0,0.0,0.0,0.0,0.0,1.0,0.0,0.
1140,1140-7,-0.4,40.0,0.0,0.0,0.0,0.0,0.0,0.0,0.0,1.0,0.
1140,1140-8,-0.58,42.0,0.0,0.0,0.0,0.0,0.0,0.0,0.0,1.0,0.
842,842-0,-0.104,10.0,0.0,1.0,0.0,0.0,0.0,0.0,0.0,0.0,0.
842,842-1,-0.004,10.0,0.0,1.0,0.0,0.0,0.0,0.0,0.0,0.0,0.
842,842-2,-0.133,22.0,0.0,1.0,0.0,0.0,0.0,0.0,0.0,0.0,0.
842,842-3,-0.004,22.0,0.0,1.0,0.0,0.0,0.0,0.0,0.0,0.0,0.
842,842-4,0.197,22.0,0.0,1.0,0.0,0.0,0.0,0.0,0.0,0.0,0.
842,842-5,0.296,1.0,0.0,0.0,0.0,0.0,1.0,0.0,0.0,0.0,0.
842,842-6,0.046,3.0,0.0,0.0,0.0,0.0,1.0,0.0,0.0,0.0,0.
842,842-7,0.126,3.0,0.0,0.0,0.0,0.0,1.0,0.0,0.0,0.0,0.
842,842-8,-0.403,32.0,0.0,0.0,0.0,0.0,0.0,0.0,1.0,0.0,0.
842,842-9,0.798,38.0,0.0,0.0,0.0,0.0,0.0,0.0,1.0,0.0,0.
842,842-10,-0.403,40.0,0.0,0.0,0.0,0.0,0.0,0.0,0.0,1.0,0.
1463,1463-0,-0.128,22.0,0.0,1.0,0.0,0.0,0.0,0.0,0.0,0.0,0.
1463,1463-1,0.202,22.0,0.0,1.0,0.0,0.0,0.0,0.0,0.0,0.0,0.
1463,1463-2,0.002,29.0,0.0,1.0,0.0,0.0,0.0,0.0,0.0,0.0,0.
1463,1463-3,0.332,1.0,0.0,0.0,0.0,0.0,1.0,0.0,0.0,0.0,0.
1463,1463-4,0.132,3.0,0.0,0.0,0.0,0.0,1.0,0.0,0.0,0.0,0.
1463,1463-5,-0.779,32.0,0.0,0.0,0.0,0.0,0.0,0.0,1.0,0.0,0.
1463,1463-6,0.801,38.0,0.0,0.0,0.0,0.0,0.0,0.0,1.0,0.0,0.
1463,1463-7,-0.398,40.0,0.0,0.0,0.0,0.0,0.0,0.0,0.0,1.0,0.
453,453-0,-0.115,22.0,0.0,1.0,0.0,0.0,0.0,0.0,0.0,0.0,0.
453,453-1,0.266,22.0,0.0,1.0,0.0,0.0,0.0,0.0,0.0,0.0,0.
453,453-2,0.015,27.0,0.0,1.0,0.0,0.0,0.0,0.0,0.0,0.0,0.
453,453-3,0.145,3.0,0.0,0.0,0.0,0.0,1.0,0.0,0.0,0.0,0.
453,453-4,-0.524,35.0,0.0,0.0,0.0,0.0,0.0,0.0,1.0,0.0,0.
453,453-5,0.816,38.0,0.0,0.0,0.0,0.0,0.0,0.0,1.0,0.0,0.
453,453-6,-0.384,40.0,0.0,0.0,0.0,0.0,0.0,0.0,0.0,1.0,0.
1460,1460-0,0.087,10.0,0.0,1.0,0.0,0.0,0.0,0.0,0.0,0.0,0.
1460,1460-1,-0.134,22.0,0.0,1.0,0.0,0.0,0.0,0.0,0.0,0.0,0.
1460,1460-2,-0.133,22.0,0.0,1.0,0.0,0.0,0.0,0.0,0.0,0.0,0.
1460,1460-3,0.176,22.0,0.0,1.0,0.0,0.0,0.0,0.0,0.0,0.0,0.
1460,1460-4,0.047,3.0,0.0,0.0,0.0,0.0,1.0,0.0,0.0,0.0,0.
1460,1460-5,0.127,3.0,0.0,0.0,0.0,0.0,1.0,0.0,0.0,0.0,0.
1460,1460-6,0.796,38.0,0.0,0.0,0.0,0.0,0.0,0.0,1.0,0.0,0.
1460,1460-7,-0.404,40.0,0.0,0.0,0.0,0.0,0.0,0.0,0.0,1.0,0.
1460,1460-8,-0.234,50.0,0.0,0.0,0.0,0.0,0.0,0.0,0.0,1.0,0.
557,557-0,-0.074,22.0,0.0,1.0,0.0,0.0,0.0,0.0,0.0,0.0,0.
557,557-1,-0.144,93.0,0.0,0.0,1.0,0.0,0.0,0.0,0.0,0.0,0.
557,557-2,0.187,3.0,0.0,0.0,0.0,0.0,1.0,0.0,0.0,0.0,0.
557,557-3,0.857,38.0,0.0,0.0,0.0,0.0,0.0,0.0,1.0,0.0,0.
557,557-4,-0.343,40.0,0.0,0.0,0.0,0.0,0.0,0.0,0.0,1.0,0.
